No.,covid_threat,covid_preventable_by_vax,risk_of_covid_greater_than_vax,vaccine_safe_to_me,trust_government,trust_science,have_covid_sick_family_member,age,gender,choice_idx,vax_protect_long_unsure,vax_protect_long_yes,less_attention_to_vax_info,more_attention_to_vax_info,grp_none,nurse,healthcare_worker,physician,have_university_degree,income_below_median,income_unknown,cluster
1,2,3,3,3,4,3,1.0,24,1.0,1,0,1,0,1,0,0,0,1,0,0,0,9
2,4,4,3,4,3,4,1.0,27,1.0,1,0,1,0,1,0,0,0,1,0,0,0,9
3,3,3,4,1,3,3,1.0,29,1.0,1,0,1,1,0,0,0,0,1,0,0,0,12
4,4,4,4,3,2,3,1.0,34,1.0,1,0,1,0,1,0,0,0,1,0,0,0,16
5,4,4,4,4,4,4,1.0,36,1.0,1,0,1,0,1,0,0,0,1,0,0,0,16
6,4,4,4,4,4,4,1.0,40,1.0,1,0,1,0,1,0,0,0,1,0,0,0,24
7,4,4,4,4,4,3,1.0,33,1.0,1,0,1,0,1,0,1,0,0,0,0,0,16
8,4,3,4,3,4,4,1.0,54,1.0,1,0,1,0,1,0,1,0,0,0,1,0,3
9,1,3,2,1,2,1,1.0,20,1.0,1,0,1,0,0,0,0,1,0,0,0,0,11
10,4,4,4,4,4,4,1.0,28,1.0,1,0,1,1,0,0,0,1,0,0,0,0,12
11,4,4,4,4,4,4,0.0,53,1.0,1,0,1,0,1,0,0,1,0,0,1,0,3
12,3,2,1,3,3,3,1.0,20,1.0,1,0,1,1,0,1,0,0,0,0,0,1,11
13,4,4,4,4,4,4,1.0,22,1.0,1,0,1,0,0,1,0,0,0,0,0,0,9
14,4,4,4,4,4,4,1.0,27,1.0,1,0,0,0,0,1,0,0,0,0,0,1,9
15,4,4,4,4,4,4,0.0,27,1.0,1,0,1,0,1,1,0,0,0,0,0,0,9
16,4,3,4,3,3,3,0.0,28,1.0,1,1,0,1,0,1,0,0,0,0,1,0,12
17,4,4,3,4,4,4,1.0,41,1.0,1,0,1,0,1,1,0,0,0,0,0,0,24
18,3,4,4,4,3,3,1.0,43,1.0,1,0,0,0,0,1,0,0,0,0,1,0,29
19,4,4,4,4,4,4,0.0,43,1.0,1,0,1,0,0,1,0,0,0,0,0,1,23
20,3,3,4,2,3,2,1.0,48,1.0,1,0,1,0,1,1,0,0,0,0,1,0,13
21,4,4,4,4,4,4,0.0,53,1.0,1,0,0,0,0,1,0,0,0,0,0,0,34
22,3,1,2,2,1,1,0.0,62,1.0,1,0,1,0,1,1,0,0,0,0,0,0,20
23,4,4,4,4,4,4,1.0,24,0.0,1,0,1,0,1,0,0,0,1,0,0,0,9
24,4,2,4,4,4,4,1.0,25,0.0,1,0,1,0,1,0,0,0,1,0,0,0,9
25,4,2,2,3,3,4,1.0,29,0.0,1,0,1,0,1,0,0,0,1,0,0,0,12
26,4,4,4,4,4,3,1.0,41,0.0,1,1,0,0,1,0,0,0,1,0,0,0,24
27,4,4,4,4,4,4,1.0,49,0.0,1,0,1,0,1,0,0,0,1,0,0,0,30
28,4,4,4,4,4,4,1.0,76,0.0,1,0,1,0,1,0,0,0,1,0,0,0,28
29,3,1,1,1,4,0,0.0,36,0.0,1,1,0,0,1,0,1,0,0,0,1,0,35
30,4,2,4,2,4,4,1.0,48,0.0,1,0,1,0,1,0,1,0,0,0,1,0,13
31,4,4,4,4,4,4,1.0,18,0.0,1,1,0,0,1,0,0,0,0,0,0,1,11
32,2,0,1,2,2,1,1.0,21,0.0,1,0,0,1,0,0,0,0,0,0,1,0,11
33,4,4,4,2,3,4,1.0,46,0.0,1,0,0,0,1,0,0,0,0,0,0,0,30
34,2,4,4,3,4,4,1.0,47,0.0,1,1,0,0,0,0,0,0,0,0,1,0,13
35,3,4,3,4,3,2,0.0,32,0.0,1,0,0,0,1,0,0,1,0,0,0,0,16
36,3,2,3,4,3,1,1.0,20,0.0,1,1,0,1,0,1,0,0,0,0,0,0,11
37,4,1,3,2,2,3,1.0,21,0.0,1,0,0,1,0,1,0,0,0,0,1,0,11
38,4,4,4,4,0,3,1.0,22,0.0,1,0,1,1,0,1,0,0,0,0,0,0,9
39,0,4,4,4,4,4,1.0,23,0.0,1,0,1,0,1,1,0,0,0,0,1,0,9
40,4,2,2,2,2,2,0.0,24,0.0,1,1,0,1,0,1,0,0,0,0,1,0,9
41,4,3,4,4,4,3,0.0,30,0.0,1,0,1,0,1,1,0,0,0,0,1,0,26
42,4,0,3,2,4,0,0.0,32,0.0,1,0,0,1,0,1,0,0,0,0,1,0,26
43,4,4,3,4,4,4,0.0,33,0.0,1,0,1,0,1,1,0,0,0,0,1,0,26
44,4,4,3,4,4,3,1.0,36,0.0,1,0,1,1,0,1,0,0,0,0,0,1,16
45,4,2,4,4,4,2,1.0,37,0.0,1,0,1,0,1,1,0,0,0,0,1,0,35
46,3,2,3,1,3,2,1.0,37,0.0,1,1,0,1,0,1,0,0,0,0,1,0,35
47,3,4,1,4,4,4,0.0,42,0.0,1,0,1,0,1,1,0,0,0,0,0,0,23
48,4,4,4,4,4,4,0.0,48,0.0,1,0,1,0,1,1,0,0,0,0,0,1,30
49,3,3,3,1,2,1,1.0,59,0.0,1,0,0,1,0,1,0,0,0,0,1,0,6
50,4,2,3,2,2,2,1.0,60,0.0,1,1,0,0,0,1,0,0,0,0,1,0,6
51,4,2,2,2,2,2,1.0,62,0.0,1,1,0,0,0,1,0,0,0,0,1,0,6
52,4,2,2,2,3,2,1.0,76,0.0,1,0,0,0,1,1,0,0,0,0,1,0,28
53,3,4,3,4,3,4,1.0,25,1.0,1,0,0,0,1,0,0,0,1,0,0,1,9
54,3,3,4,3,3,3,1.0,25,1.0,1,0,1,0,1,0,1,0,0,0,0,0,9
55,4,3,3,2,2,2,1.0,18,1.0,1,0,1,0,1,0,0,1,0,0,0,0,11
56,4,3,4,4,4,3,1.0,35,1.0,1,0,1,0,0,0,0,1,0,0,1,0,35
57,3,1,4,3,1,2,1.0,18,1.0,1,0,0,1,0,1,0,0,0,0,0,0,11
58,4,4,3,4,4,4,0.0,20,1.0,1,0,1,1,0,1,0,0,0,0,0,0,11
59,4,4,4,4,4,4,1.0,22,1.0,1,1,0,1,0,1,0,0,0,0,0,0,9
60,1,3,3,2,3,3,0.0,27,1.0,1,0,0,0,0,1,0,0,0,0,0,0,9
61,4,3,4,3,3,3,1.0,28,1.0,1,0,1,0,0,1,0,0,0,0,1,0,12
62,3,3,3,3,3,3,1.0,29,1.0,1,1,0,0,0,1,0,0,0,0,1,0,12
63,4,3,4,4,4,4,1.0,29,1.0,1,0,1,0,1,1,0,0,0,0,1,0,12
64,4,4,4,3,4,3,0.0,29,1.0,1,1,0,1,0,1,0,0,0,0,0,1,12
65,2,2,2,1,1,1,0.0,30,1.0,1,1,0,0,0,1,0,0,0,0,1,0,26
66,4,4,4,4,4,4,1.0,31,1.0,1,0,1,1,0,1,0,0,0,0,1,0,26
67,4,4,4,4,4,4,1.0,33,1.0,1,0,0,0,1,1,0,0,0,0,0,0,16
68,3,3,4,4,2,3,1.0,34,1.0,1,0,1,0,1,1,0,0,0,0,1,0,35
69,3,3,2,2,1,1,1.0,37,1.0,1,1,0,1,0,1,0,0,0,0,1,0,35
70,4,4,4,4,3,4,0.0,43,1.0,1,0,1,0,1,1,0,0,0,0,0,1,23
71,2,2,2,2,2,2,0.0,44,1.0,1,1,0,0,1,1,0,0,0,0,0,1,23
72,4,4,4,4,4,4,1.0,52,1.0,1,0,0,0,1,1,0,0,0,0,0,0,34
73,4,4,4,4,4,4,1.0,54,1.0,1,0,1,0,1,1,0,0,0,0,0,0,34
74,3,3,3,3,3,3,1.0,54,1.0,1,1,0,0,1,1,0,0,0,0,0,0,34
75,3,3,4,3,4,3,0.0,55,1.0,1,0,1,1,0,1,0,0,0,0,1,0,3
76,1,1,1,1,4,3,1.0,56,1.0,1,0,0,1,0,1,0,0,0,0,0,0,34
77,4,3,4,3,4,4,1.0,57,1.0,1,0,1,0,1,1,0,0,0,0,1,0,3
78,4,4,2,3,4,4,0.0,58,1.0,1,0,1,0,1,1,0,0,0,0,1,0,6
79,4,4,2,4,4,4,0.0,58,1.0,1,0,1,0,1,1,0,0,0,0,0,1,31
80,4,4,4,4,4,4,0.0,59,1.0,1,0,1,0,1,1,0,0,0,0,0,0,31
81,3,4,1,4,4,4,1.0,60,1.0,1,1,0,0,0,1,0,0,0,0,1,0,6
82,2,4,4,4,4,4,1.0,60,1.0,1,1,0,0,1,1,0,0,0,0,1,0,6
83,3,4,3,4,3,4,0.0,61,1.0,1,1,0,1,0,1,0,0,0,0,1,0,6
84,2,1,0,2,0,0,1.0,61,1.0,1,1,0,0,0,1,0,0,0,0,1,0,6
85,4,4,4,4,3,4,0.0,61,1.0,1,0,1,1,0,1,0,0,0,0,1,0,6
86,2,1,2,2,2,1,1.0,64,1.0,1,1,0,0,0,1,0,0,0,0,1,0,0
87,4,3,3,3,2,3,1.0,66,1.0,1,0,1,1,0,1,0,0,0,0,1,0,0
88,3,3,4,3,3,3,0.0,66,1.0,1,1,0,1,0,1,0,0,0,0,1,0,0
89,4,4,4,4,4,4,0.0,66,1.0,1,0,1,0,0,1,0,0,0,0,1,0,0
90,0,0,0,0,0,0,0.0,67,1.0,1,0,0,1,0,1,0,0,0,0,1,0,0
91,4,2,2,2,3,3,1.0,68,1.0,1,0,0,0,1,1,0,0,0,0,0,1,8
92,4,4,4,4,4,4,1.0,69,1.0,1,1,0,0,1,1,0,0,0,0,0,0,8
93,3,1,3,4,4,3,1.0,70,1.0,1,1,0,1,0,1,0,0,0,0,0,0,8
94,4,3,4,4,3,3,0.0,74,1.0,1,1,0,0,0,1,0,0,0,0,1,0,28
95,4,3,1,3,3,3,0.0,76,1.0,1,1,0,0,1,1,0,0,0,0,1,0,28
96,4,3,4,4,4,3,1.0,22,0.0,1,1,0,0,1,0,0,0,1,0,0,0,9
97,3,3,3,3,3,3,1.0,25,0.0,1,0,1,0,1,0,0,0,1,0,0,0,9
98,3,3,3,3,3,3,1.0,31,0.0,1,0,1,0,1,0,0,0,1,0,1,0,26
99,3,2,2,2,3,3,1.0,58,0.0,1,1,0,0,1,0,0,0,1,0,0,1,31
100,3,3,3,2,3,3,1.0,26,0.0,1,0,1,1,0,0,1,0,0,0,0,0,9
101,3,3,4,1,3,4,1.0,29,0.0,1,0,1,1,0,0,1,0,0,0,0,0,12
102,4,3,4,4,4,3,1.0,44,0.0,1,0,1,0,1,0,1,0,0,0,0,0,29
103,3,3,2,4,3,3,0.0,25,0.0,1,0,1,0,1,0,0,0,0,0,0,0,9
104,3,3,3,3,4,3,0.0,50,0.0,1,0,1,0,1,0,0,0,0,0,1,0,33
105,4,3,3,4,4,3,1.0,24,0.0,1,0,1,1,0,0,0,1,0,0,0,0,9
106,4,2,3,3,3,1,1.0,25,0.0,1,1,0,0,0,0,0,1,0,0,1,0,9
107,4,3,3,3,1,3,1.0,29,0.0,1,0,1,0,1,0,0,1,0,0,1,0,12
108,3,3,3,3,3,3,1.0,31,0.0,1,1,0,1,0,0,0,1,0,0,1,0,26
109,3,2,2,1,3,1,0.0,38,0.0,1,0,1,1,0,0,0,1,0,0,1,0,2
110,4,1,4,2,1,2,1.0,42,0.0,1,1,0,1,0,0,0,1,0,0,1,0,29
111,3,4,4,4,3,4,0.0,43,0.0,1,1,0,1,0,0,0,1,0,0,1,0,29
112,4,3,4,3,3,3,1.0,43,0.0,1,0,1,0,1,0,0,1,0,0,1,0,29
113,4,4,4,4,4,4,1.0,49,0.0,1,0,1,0,1,0,0,1,0,0,1,0,13
114,4,3,3,4,3,2,1.0,18,0.0,1,0,0,0,0,1,0,0,0,0,1,0,11
115,2,2,2,2,2,2,0.0,20,0.0,1,1,0,1,0,1,0,0,0,0,0,1,11
116,4,3,4,4,3,4,1.0,20,0.0,1,0,1,0,0,1,0,0,0,0,1,0,11
117,3,4,4,4,4,4,1.0,21,0.0,1,0,1,0,0,1,0,0,0,0,0,0,11
118,4,3,4,3,1,2,0.0,21,0.0,1,1,0,1,0,1,0,0,0,0,1,0,11
119,3,4,2,3,4,3,0.0,22,0.0,1,0,1,0,1,1,0,0,0,0,0,0,9
120,3,3,4,3,3,4,1.0,22,0.0,1,0,0,1,0,1,0,0,0,0,1,0,9
121,4,4,4,4,4,4,0.0,22,0.0,1,0,1,0,1,1,0,0,0,0,0,0,9
122,4,3,3,4,4,4,1.0,22,0.0,1,0,1,0,1,1,0,0,0,0,0,0,9
123,4,4,4,4,4,4,1.0,22,0.0,1,1,0,1,0,1,0,0,0,0,0,1,9
124,4,4,4,4,4,4,0.0,22,0.0,1,0,1,0,1,1,0,0,0,0,1,0,9
125,3,2,2,2,2,2,1.0,25,0.0,1,0,0,1,0,1,0,0,0,0,0,0,9
126,4,4,4,4,3,3,1.0,25,0.0,1,0,1,0,1,1,0,0,0,0,0,0,9
127,4,3,4,4,3,4,1.0,25,0.0,1,0,1,1,0,1,0,0,0,0,1,0,9
128,4,4,4,4,4,4,0.0,25,0.0,1,0,1,0,0,1,0,0,0,0,1,0,9
129,4,4,4,4,4,4,1.0,27,0.0,1,0,1,0,0,1,0,0,0,0,1,0,12
130,2,1,1,0,0,0,0.0,27,0.0,1,0,0,0,0,1,0,0,0,0,1,0,12
131,3,4,4,4,4,3,1.0,27,0.0,1,0,1,0,0,1,0,0,0,0,0,0,9
132,4,1,4,3,4,3,1.0,28,0.0,1,1,0,0,1,1,0,0,0,0,0,0,12
133,4,1,2,2,3,2,1.0,28,0.0,1,1,0,0,0,1,0,0,0,0,1,0,12
134,1,3,2,4,2,1,1.0,28,0.0,1,0,1,1,0,1,0,0,0,0,1,0,12
135,4,4,4,4,3,4,0.0,29,0.0,1,0,1,1,0,1,0,0,0,0,1,0,12
136,4,4,4,4,4,4,1.0,29,0.0,1,0,1,0,0,1,0,0,0,0,0,0,12
137,3,3,2,3,4,1,1.0,30,0.0,1,0,0,0,0,1,0,0,0,0,1,0,26
138,0,4,3,4,4,4,0.0,33,0.0,1,0,1,0,1,1,0,0,0,0,0,1,16
139,3,3,2,3,3,3,1.0,35,0.0,1,0,1,0,1,1,0,0,0,0,1,0,35
140,4,1,3,3,4,4,1.0,35,0.0,1,1,0,0,0,1,0,0,0,0,1,0,35
141,1,1,3,3,3,3,0.0,35,0.0,1,1,0,0,0,1,0,0,0,0,1,0,35
142,2,1,3,2,2,2,1.0,37,0.0,1,0,0,1,0,1,0,0,0,0,0,0,35
143,3,3,4,4,2,4,1.0,37,0.0,1,0,1,1,0,1,0,0,0,0,0,1,35
144,4,0,4,2,2,1,0.0,37,0.0,1,1,0,0,0,1,0,0,0,0,1,0,35
145,4,3,4,3,3,3,1.0,38,0.0,1,0,1,1,0,1,0,0,0,0,1,0,2
146,4,0,2,2,2,3,1.0,40,0.0,1,0,0,0,0,1,0,0,0,0,1,0,2
147,3,4,4,4,4,2,1.0,41,0.0,1,0,1,0,1,1,0,0,0,0,1,0,2
148,4,4,2,2,2,3,0.0,42,0.0,1,0,1,1,0,1,0,0,0,0,0,1,23
149,4,2,3,3,3,2,1.0,42,0.0,1,1,0,0,1,1,0,0,0,0,1,0,29
150,4,4,4,4,4,4,1.0,42,0.0,1,0,1,0,1,1,0,0,0,0,1,0,29
151,4,4,3,2,3,3,1.0,43,0.0,1,0,1,0,0,1,0,0,0,0,1,0,29
152,4,4,4,4,4,4,1.0,44,0.0,1,0,1,0,1,1,0,0,0,0,1,0,29
153,3,3,3,2,3,2,1.0,44,0.0,1,0,1,0,0,1,0,0,0,0,1,0,29
154,3,1,3,3,3,1,1.0,45,0.0,1,1,0,1,0,1,0,0,0,0,0,0,30
155,4,4,4,4,4,4,0.0,45,0.0,1,0,1,0,0,1,0,0,0,0,0,0,30
156,4,4,3,3,4,4,0.0,46,0.0,1,0,1,0,1,1,0,0,0,0,1,0,13
157,3,3,3,3,3,3,1.0,47,0.0,1,0,1,0,1,1,0,0,0,0,0,0,30
158,3,2,2,2,2,3,1.0,47,0.0,1,0,1,0,0,1,0,0,0,0,0,0,30
159,3,4,3,3,3,3,1.0,50,0.0,1,1,0,1,0,1,0,0,0,0,1,0,33
160,2,0,1,1,0,0,1.0,51,0.0,1,0,0,0,0,1,0,0,0,0,1,0,33
161,4,4,2,4,2,2,0.0,51,0.0,1,1,0,0,1,1,0,0,0,0,0,0,34
162,4,3,2,2,3,2,1.0,51,0.0,1,1,0,0,0,1,0,0,0,0,0,0,34
163,4,4,4,4,4,4,1.0,51,0.0,1,0,1,0,1,1,0,0,0,0,0,1,21
164,4,0,4,4,4,4,1.0,52,0.0,1,0,1,0,1,1,0,0,0,0,0,0,34
165,4,4,3,3,2,3,1.0,52,0.0,1,0,1,0,0,1,0,0,0,0,1,0,33
166,4,4,4,4,3,3,1.0,52,0.0,1,0,1,0,1,1,0,0,0,0,0,0,34
167,4,3,4,4,2,3,1.0,53,0.0,1,1,0,0,1,1,0,0,0,0,1,0,3
168,3,4,2,3,3,2,1.0,53,0.0,1,0,1,0,1,1,0,0,0,0,1,0,3
169,3,3,2,2,2,1,1.0,53,0.0,1,1,0,1,0,1,0,0,0,0,1,0,3
170,4,1,4,4,3,4,1.0,54,0.0,1,0,1,1,0,1,0,0,0,0,0,1,34
171,4,3,4,3,4,3,1.0,54,0.0,1,1,0,1,0,1,0,0,0,0,1,0,3
172,4,3,3,1,4,4,0.0,54,0.0,1,1,0,0,0,1,0,0,0,0,1,0,3
173,4,3,3,4,4,4,1.0,55,0.0,1,0,1,1,0,1,0,0,0,0,1,0,3
174,4,1,2,1,1,1,1.0,56,0.0,1,1,0,0,0,1,0,0,0,0,1,0,3
175,4,3,3,3,3,3,1.0,56,0.0,1,1,0,1,0,1,0,0,0,0,1,0,3
176,3,1,3,3,2,3,1.0,56,0.0,1,0,1,1,0,1,0,0,0,0,1,0,3
177,3,1,2,2,3,1,1.0,58,0.0,1,1,0,1,0,1,0,0,0,0,1,0,6
178,1,1,3,2,1,3,1.0,58,0.0,1,0,0,1,0,1,0,0,0,0,1,0,6
179,4,4,4,4,4,4,0.0,58,0.0,1,0,1,0,0,1,0,0,0,0,1,0,6
180,4,4,4,4,4,4,0.0,58,0.0,1,0,1,0,1,1,0,0,0,0,1,0,6
181,4,2,3,3,3,3,1.0,59,0.0,1,1,0,1,0,1,0,0,0,0,0,0,31
182,4,0,0,4,2,2,1.0,59,0.0,1,0,0,1,0,1,0,0,0,0,1,0,6
183,4,3,0,3,3,4,0.0,59,0.0,1,1,0,0,0,1,0,0,0,0,0,1,31
184,1,4,1,3,1,3,1.0,60,0.0,1,0,1,0,0,1,0,0,0,0,1,0,6
185,4,4,3,3,3,3,0.0,61,0.0,1,0,1,0,1,1,0,0,0,0,1,0,6
186,3,4,2,4,4,4,0.0,62,0.0,1,0,1,0,1,1,0,0,0,0,0,1,31
187,4,2,4,3,4,4,1.0,64,0.0,1,1,0,0,1,1,0,0,0,0,1,0,0
188,3,0,2,2,2,1,1.0,65,0.0,1,0,0,0,0,1,0,0,0,0,1,0,0
189,1,0,3,2,3,3,1.0,65,0.0,1,1,0,1,0,1,0,0,0,0,1,0,0
190,0,1,1,2,3,1,1.0,68,0.0,1,0,0,0,0,1,0,0,0,0,1,0,15
191,4,3,4,4,3,4,1.0,70,0.0,1,1,0,0,0,1,0,0,0,0,0,0,8
192,3,3,4,3,2,2,0.0,72,0.0,1,1,0,0,0,1,0,0,0,0,1,0,15
193,4,3,2,3,2,1,0.0,72,0.0,1,1,0,0,0,1,0,0,0,0,0,0,14
194,3,4,3,3,3,3,1.0,73,0.0,1,0,1,1,0,1,0,0,0,0,1,0,28
195,4,1,4,4,3,3,1.0,74,0.0,1,1,0,0,0,1,0,0,0,0,1,0,28
196,1,1,3,3,2,3,1.0,75,0.0,1,0,1,0,0,1,0,0,0,0,0,0,28
197,4,3,4,4,3,4,1.0,23,0.0,1,1,0,0,0,1,0,0,0,0,0,1,9
198,4,1,3,3,4,1,1.0,28,1.0,2,0,1,0,1,0,0,0,1,0,1,0,12
199,4,4,4,4,4,4,1.0,22,1.0,2,0,1,0,1,0,1,0,0,0,0,0,9
200,4,0,4,0,0,0,1.0,70,1.0,2,0,0,0,1,0,1,0,0,0,0,0,8
201,3,3,2,3,3,2,1.0,20,1.0,2,0,1,1,0,0,0,0,0,0,0,0,11
202,4,4,4,4,4,4,1.0,59,1.0,2,0,1,0,1,0,0,0,0,0,0,0,31
203,4,3,3,3,3,3,1.0,59,1.0,2,0,1,0,1,0,0,1,0,0,1,0,6
204,3,3,4,3,3,2,1.0,19,1.0,2,0,0,1,0,1,0,0,0,0,0,0,11
205,4,4,4,4,0,4,1.0,20,1.0,2,1,0,1,0,1,0,0,0,0,0,1,11
206,4,3,2,2,2,2,0.0,20,1.0,2,1,0,0,0,1,0,0,0,0,0,1,11
207,3,3,3,3,3,3,1.0,21,1.0,2,0,1,0,0,1,0,0,0,0,0,0,11
208,4,4,4,4,4,4,1.0,22,1.0,2,0,1,0,1,1,0,0,0,0,1,0,9
209,2,1,3,2,0,2,1.0,35,1.0,2,0,0,1,0,1,0,0,0,0,1,0,35
210,4,4,4,4,4,4,1.0,35,1.0,2,0,1,0,1,1,0,0,0,0,0,0,16
211,0,0,0,0,0,0,1.0,36,1.0,2,0,0,1,0,1,0,0,0,0,0,0,16
212,4,1,4,4,0,4,0.0,37,1.0,2,0,0,0,0,1,0,0,0,0,0,1,35
213,0,4,0,4,2,4,0.0,44,1.0,2,0,1,1,0,1,0,0,0,0,1,0,29
214,4,4,4,4,4,3,1.0,47,1.0,2,0,1,0,1,1,0,0,0,0,1,0,13
215,4,4,4,4,4,4,1.0,47,1.0,2,1,0,0,0,1,0,0,0,0,0,0,30
216,4,4,4,3,3,4,0.0,50,1.0,2,1,0,0,0,1,0,0,0,0,0,0,30
217,4,4,3,4,4,4,1.0,51,1.0,2,0,1,0,1,1,0,0,0,0,1,0,33
218,4,3,2,4,4,3,1.0,51,1.0,2,1,0,0,0,1,0,0,0,0,1,0,33
219,4,4,4,4,3,4,1.0,51,1.0,2,1,0,0,0,1,0,0,0,0,1,0,33
220,4,0,4,3,4,3,0.0,52,1.0,2,0,1,0,0,1,0,0,0,0,1,0,33
221,4,4,4,4,4,4,0.0,52,1.0,2,0,1,0,1,1,0,0,0,0,1,0,33
222,3,2,4,2,1,3,1.0,52,1.0,2,0,1,0,1,1,0,0,0,0,0,0,34
223,4,4,4,4,4,4,1.0,52,1.0,2,1,0,0,0,1,0,0,0,0,1,0,33
224,3,4,4,4,4,4,0.0,53,1.0,2,1,0,1,0,1,0,0,0,0,1,0,3
225,4,4,4,4,4,4,0.0,55,1.0,2,1,0,0,1,1,0,0,0,0,0,1,34
226,3,1,3,4,3,3,1.0,56,1.0,2,1,0,0,0,1,0,0,0,0,1,0,3
227,2,2,3,3,4,4,1.0,56,1.0,2,1,0,0,0,1,0,0,0,0,0,0,34
228,4,1,3,3,3,3,1.0,56,1.0,2,0,1,1,0,1,0,0,0,0,0,0,34
229,0,4,4,4,0,0,0.0,57,1.0,2,1,0,0,0,1,0,0,0,0,1,0,3
230,4,4,4,4,4,4,0.0,59,1.0,2,0,1,0,0,1,0,0,0,0,1,0,6
231,4,4,4,4,4,4,1.0,59,1.0,2,0,1,0,1,1,0,0,0,0,0,0,31
232,3,3,3,3,3,3,0.0,60,1.0,2,1,0,0,0,1,0,0,0,0,0,1,31
233,4,4,4,4,4,4,0.0,61,1.0,2,0,1,0,1,1,0,0,0,0,1,0,6
234,3,0,3,3,4,3,1.0,64,1.0,2,0,1,0,1,1,0,0,0,0,0,0,0
235,2,3,3,3,2,2,0.0,65,1.0,2,1,0,0,0,1,0,0,0,0,1,0,0
236,4,2,4,2,3,2,0.0,65,1.0,2,1,0,0,0,1,0,0,0,0,1,0,0
237,4,4,4,4,4,4,1.0,65,1.0,2,0,1,0,1,1,0,0,0,0,1,0,0
238,4,3,4,4,4,4,1.0,66,1.0,2,0,1,0,1,1,0,0,0,0,1,0,0
239,1,1,4,3,2,3,0.0,66,1.0,2,1,0,1,0,1,0,0,0,0,1,0,0
240,4,4,4,4,4,4,1.0,66,1.0,2,0,1,1,0,1,0,0,0,0,0,0,8
241,3,3,1,3,3,3,0.0,66,1.0,2,1,0,1,0,1,0,0,0,0,1,0,0
242,4,3,3,3,3,3,0.0,66,1.0,2,1,0,0,0,1,0,0,0,0,1,0,0
243,4,4,4,4,3,3,0.0,66,1.0,2,0,1,0,0,1,0,0,0,0,1,0,0
244,1,4,4,3,4,4,1.0,66,1.0,2,0,1,1,0,1,0,0,0,0,1,0,0
245,4,4,4,4,3,3,0.0,67,1.0,2,0,1,0,0,1,0,0,0,0,0,0,8
246,1,4,4,4,0,2,1.0,67,1.0,2,0,1,0,1,1,0,0,0,0,0,0,8
247,3,3,4,4,4,4,0.0,68,1.0,2,0,1,1,0,1,0,0,0,0,1,0,15
248,4,3,4,4,2,4,1.0,68,1.0,2,1,0,0,0,1,0,0,0,0,0,0,8
249,4,4,4,3,2,3,0.0,69,1.0,2,1,0,1,0,1,0,0,0,0,0,0,8
250,4,4,4,4,4,4,0.0,69,1.0,2,0,1,0,0,1,0,0,0,0,1,0,15
251,1,3,3,3,1,3,1.0,69,1.0,2,0,1,1,0,1,0,0,0,0,1,0,15
252,3,4,4,4,3,4,0.0,70,1.0,2,0,1,1,0,1,0,0,0,0,1,0,15
253,4,1,4,4,4,4,0.0,70,1.0,2,0,1,0,0,1,0,0,0,0,0,0,8
254,4,4,4,4,4,4,0.0,70,1.0,2,0,1,0,0,1,0,0,0,0,0,0,8
255,3,3,4,4,3,4,1.0,70,1.0,2,0,1,1,0,1,0,0,0,0,1,0,15
256,1,1,4,4,4,4,1.0,70,1.0,2,0,0,1,0,1,0,0,0,0,1,0,15
257,3,3,3,3,2,2,0.0,71,1.0,2,0,0,0,0,1,0,0,0,0,1,0,15
258,4,2,0,4,4,4,1.0,71,1.0,2,0,0,0,1,1,0,0,0,0,1,0,15
259,4,4,4,4,4,4,0.0,71,1.0,2,0,1,0,1,1,0,0,0,0,1,0,15
260,3,2,2,3,3,2,1.0,72,1.0,2,1,0,1,0,1,0,0,0,0,1,0,15
261,3,3,4,4,3,4,0.0,72,1.0,2,0,1,1,0,1,0,0,0,0,1,0,15
262,4,3,4,4,4,4,1.0,72,1.0,2,1,0,0,0,1,0,0,0,0,0,0,14
263,3,3,4,3,2,3,0.0,73,1.0,2,1,0,1,0,1,0,0,0,0,1,0,28
264,0,1,3,4,2,1,1.0,74,1.0,2,0,1,0,0,1,0,0,0,0,0,0,14
265,3,4,4,4,4,4,0.0,75,1.0,2,0,1,0,0,1,0,0,0,0,1,0,28
266,3,3,4,3,4,2,0.0,75,1.0,2,1,0,1,0,1,0,0,0,0,0,0,28
267,3,3,3,3,2,3,0.0,76,1.0,2,1,0,0,0,1,0,0,0,0,1,0,28
268,3,3,3,3,2,2,0.0,76,1.0,2,1,0,1,0,1,0,0,0,0,1,0,28
269,4,1,4,3,3,3,1.0,76,1.0,2,0,1,1,0,1,0,0,0,0,0,0,28
270,4,3,4,4,3,4,0.0,78,1.0,2,0,1,0,0,1,0,0,0,0,0,0,28
271,4,4,2,4,4,4,0.0,79,1.0,2,1,0,0,0,1,0,0,0,0,1,0,28
272,4,4,4,4,3,4,1.0,80,1.0,2,1,0,0,0,1,0,0,0,0,0,0,19
273,4,3,4,4,3,3,1.0,82,1.0,2,1,0,0,0,1,0,0,0,0,1,0,19
274,3,3,3,4,3,3,0.0,86,1.0,2,1,0,0,1,1,0,0,0,0,1,0,19
275,3,4,4,4,2,4,1.0,87,1.0,2,0,1,0,1,1,0,0,0,0,0,0,19
276,4,4,4,2,2,2,1.0,50,0.0,2,0,1,0,1,0,0,0,1,0,1,0,33
277,4,3,0,3,3,4,1.0,23,0.0,2,0,1,0,1,0,1,0,0,0,1,0,9
278,4,4,4,4,3,4,1.0,23,0.0,2,0,1,0,1,0,1,0,0,0,0,0,9
279,4,4,4,4,4,4,1.0,27,0.0,2,0,0,0,1,0,1,0,0,0,1,0,12
280,4,1,4,4,3,4,1.0,37,0.0,2,0,1,1,0,0,1,0,0,0,1,0,35
281,4,2,3,1,3,3,1.0,21,0.0,2,0,0,1,0,0,0,0,0,0,0,0,11
282,3,3,3,3,2,2,0.0,22,0.0,2,0,1,0,0,0,0,1,0,0,1,0,9
283,3,3,2,4,4,4,1.0,22,0.0,2,0,1,1,0,0,0,1,0,0,1,0,9
284,4,4,3,2,3,3,1.0,29,0.0,2,1,0,1,0,0,0,1,0,0,1,0,12
285,2,3,1,3,3,4,1.0,33,0.0,2,1,0,0,1,0,0,1,0,0,1,0,26
286,3,0,4,0,0,0,1.0,34,0.0,2,1,0,0,0,0,0,1,0,0,0,1,16
287,3,0,3,2,2,2,1.0,37,0.0,2,0,0,0,0,0,0,1,0,0,0,0,35
288,1,4,4,4,4,4,1.0,38,0.0,2,0,1,1,0,0,0,1,0,0,0,0,2
289,4,3,4,4,4,4,0.0,52,0.0,2,0,1,0,0,0,0,1,0,0,1,0,33
290,4,4,4,4,4,4,1.0,67,0.0,2,0,1,0,0,0,0,1,0,0,1,0,0
291,0,3,4,4,3,4,1.0,19,0.0,2,0,1,0,0,1,0,0,0,0,1,0,11
292,1,0,0,2,2,1,0.0,19,0.0,2,1,0,0,0,1,0,0,0,0,1,0,11
293,4,4,4,4,3,2,1.0,23,0.0,2,0,1,0,0,1,0,0,0,0,1,0,9
294,4,4,4,4,4,4,0.0,24,0.0,2,0,1,0,0,1,0,0,0,0,1,0,9
295,4,4,4,4,3,3,1.0,25,0.0,2,0,1,0,1,1,0,0,0,0,1,0,9
296,4,4,4,4,4,4,0.0,25,0.0,2,0,1,0,0,1,0,0,0,0,0,0,9
297,4,4,2,3,3,1,1.0,26,0.0,2,1,0,0,1,1,0,0,0,0,1,0,12
298,4,4,4,4,4,4,1.0,28,0.0,2,0,1,0,0,1,0,0,0,0,0,0,12
299,3,3,2,3,3,1,1.0,30,0.0,2,0,0,1,0,1,0,0,0,0,1,0,26
300,4,3,4,3,3,3,1.0,30,0.0,2,1,0,0,0,1,0,0,0,0,1,0,26
301,4,4,4,4,4,4,0.0,31,0.0,2,0,1,0,1,1,0,0,0,0,0,0,16
302,4,4,4,4,4,4,1.0,32,0.0,2,0,1,0,1,1,0,0,0,0,1,0,26
303,2,3,2,3,2,2,1.0,33,0.0,2,0,0,1,0,1,0,0,0,0,1,0,26
304,3,4,4,4,2,3,1.0,34,0.0,2,0,1,1,0,1,0,0,0,0,0,0,16
305,4,4,4,4,4,4,0.0,35,0.0,2,1,0,0,0,1,0,0,0,0,1,0,35
306,4,4,3,3,4,3,1.0,39,0.0,2,0,1,1,0,1,0,0,0,0,1,0,2
307,4,4,4,4,4,4,1.0,40,0.0,2,0,1,0,1,1,0,0,0,0,1,0,2
308,4,3,4,4,4,4,1.0,42,0.0,2,1,0,0,0,1,0,0,0,0,1,0,29
309,4,3,4,4,4,4,1.0,48,0.0,2,0,1,0,1,1,0,0,0,0,1,0,13
310,4,4,4,4,4,4,1.0,49,0.0,2,0,1,0,0,1,0,0,0,0,0,0,30
311,4,3,4,4,4,3,0.0,50,0.0,2,0,1,0,0,1,0,0,0,0,1,0,33
312,3,1,2,2,4,2,1.0,50,0.0,2,1,0,0,0,1,0,0,0,0,0,0,30
313,4,4,3,4,2,3,0.0,50,0.0,2,0,1,0,1,1,0,0,0,0,1,0,33
314,4,3,4,4,4,4,0.0,51,0.0,2,1,0,0,0,1,0,0,0,0,0,0,34
315,4,3,4,3,4,4,0.0,51,0.0,2,0,1,0,1,1,0,0,0,0,1,0,33
316,4,3,4,4,4,4,1.0,52,0.0,2,1,0,0,1,1,0,0,0,0,1,0,33
317,4,3,4,3,2,3,1.0,53,0.0,2,0,0,1,0,1,0,0,0,0,0,0,34
318,4,3,3,3,3,3,0.0,53,0.0,2,1,0,0,0,1,0,0,0,0,0,1,34
319,4,4,4,4,4,3,1.0,53,0.0,2,0,1,0,0,1,0,0,0,0,1,0,3
320,4,2,4,4,4,4,0.0,53,0.0,2,0,1,0,1,1,0,0,0,0,1,0,3
321,4,3,4,4,4,2,0.0,54,0.0,2,0,1,0,1,1,0,0,0,0,1,0,3
322,4,3,4,4,4,4,0.0,55,0.0,2,0,1,0,0,1,0,0,0,0,0,0,34
323,4,3,4,4,3,4,1.0,55,0.0,2,1,0,0,0,1,0,0,0,0,0,0,34
324,4,3,4,4,3,4,0.0,55,0.0,2,0,1,0,0,1,0,0,0,0,1,0,3
325,2,4,3,4,3,3,0.0,56,0.0,2,0,1,0,1,1,0,0,0,0,0,0,34
326,4,1,4,4,4,2,1.0,56,0.0,2,0,1,0,1,1,0,0,0,0,1,0,3
327,4,4,4,4,4,4,1.0,58,0.0,2,0,1,0,0,1,0,0,0,0,0,0,25
328,4,3,4,3,3,4,0.0,61,0.0,2,0,1,0,0,1,0,0,0,0,1,0,6
329,4,4,4,4,4,4,1.0,61,0.0,2,0,1,0,0,1,0,0,0,0,1,0,6
330,4,3,4,4,2,3,0.0,61,0.0,2,0,1,1,0,1,0,0,0,0,1,0,6
331,3,3,2,3,3,3,1.0,62,0.0,2,0,1,0,0,1,0,0,0,0,1,0,6
332,4,3,4,4,4,4,0.0,62,0.0,2,0,1,0,1,1,0,0,0,0,0,0,20
333,4,4,4,3,3,3,1.0,62,0.0,2,1,0,0,0,1,0,0,0,0,0,0,20
334,4,4,3,4,4,4,1.0,63,0.0,2,0,1,0,0,1,0,0,0,0,1,0,0
335,0,4,4,4,4,4,0.0,63,0.0,2,0,1,0,0,1,0,0,0,0,0,1,31
336,4,4,4,4,4,4,0.0,64,0.0,2,1,0,0,0,1,0,0,0,0,0,0,0
337,4,4,2,4,2,2,1.0,64,0.0,2,1,0,1,0,1,0,0,0,0,1,0,0
338,3,1,4,3,3,3,0.0,66,0.0,2,0,1,0,0,1,0,0,0,0,1,0,0
339,1,3,4,3,3,3,0.0,66,0.0,2,0,1,1,0,1,0,0,0,0,1,0,0
340,4,3,4,4,3,4,1.0,66,0.0,2,0,0,0,0,1,0,0,0,0,0,0,8
341,3,3,4,3,4,4,1.0,66,0.0,2,0,1,0,0,1,0,0,0,0,0,0,8
342,4,2,4,4,3,4,1.0,66,0.0,2,0,1,1,0,1,0,0,0,0,0,0,8
343,4,3,3,4,4,4,0.0,67,0.0,2,1,0,0,0,1,0,0,0,0,1,0,0
344,4,4,4,4,3,3,1.0,67,0.0,2,1,0,0,0,1,0,0,0,0,1,0,0
345,4,4,4,4,4,4,1.0,67,0.0,2,1,0,0,0,1,0,0,0,0,0,0,8
346,4,3,4,3,3,3,0.0,67,0.0,2,0,1,0,0,1,0,0,0,0,1,0,0
347,4,3,4,3,4,3,1.0,67,0.0,2,1,0,0,0,1,0,0,0,0,0,0,8
348,4,4,4,4,4,4,1.0,67,0.0,2,0,1,1,0,1,0,0,0,0,0,1,8
349,3,3,3,3,3,3,0.0,68,0.0,2,0,1,0,0,1,0,0,0,0,0,0,8
350,4,3,4,3,4,3,1.0,68,0.0,2,1,0,0,1,1,0,0,0,0,1,0,15
351,4,4,4,4,4,4,0.0,68,0.0,2,0,1,0,0,1,0,0,0,0,0,0,8
352,4,4,4,4,4,4,1.0,69,0.0,2,0,1,0,0,1,0,0,0,0,1,0,15
353,4,3,4,4,2,3,1.0,69,0.0,2,0,1,1,0,1,0,0,0,0,0,0,8
354,4,3,4,4,2,4,0.0,69,0.0,2,0,0,0,0,1,0,0,0,0,0,0,8
355,4,3,4,4,4,3,1.0,69,0.0,2,0,1,0,0,1,0,0,0,0,1,0,15
356,3,4,4,4,4,4,0.0,69,0.0,2,0,1,1,0,1,0,0,0,0,0,1,8
357,4,4,4,4,4,4,1.0,70,0.0,2,0,1,0,0,1,0,0,0,0,1,0,15
358,0,3,2,3,0,0,0.0,70,0.0,2,1,0,0,0,1,0,0,0,0,1,0,15
359,3,4,4,4,4,4,1.0,71,0.0,2,0,1,0,1,1,0,0,0,0,1,0,15
360,3,3,4,4,3,4,1.0,72,0.0,2,1,0,0,0,1,0,0,0,0,1,0,15
361,4,3,4,4,4,3,0.0,73,0.0,2,0,1,0,1,1,0,0,0,0,1,0,28
362,3,4,4,4,4,3,0.0,74,0.0,2,0,1,1,0,1,0,0,0,0,0,0,14
363,3,3,4,4,3,3,0.0,75,0.0,2,0,1,0,1,1,0,0,0,0,0,0,28
364,4,0,4,3,0,4,1.0,75,0.0,2,0,0,0,1,1,0,0,0,0,0,0,28
365,4,4,4,4,4,4,0.0,75,0.0,2,0,1,0,1,1,0,0,0,0,0,0,28
366,3,3,3,3,4,3,0.0,75,0.0,2,1,0,0,0,1,0,0,0,0,1,0,28
367,4,3,4,4,4,4,1.0,76,0.0,2,0,1,0,1,1,0,0,0,0,1,0,28
368,4,3,4,3,4,4,0.0,76,0.0,2,1,0,0,0,1,0,0,0,0,1,0,28
369,4,4,4,4,4,4,1.0,78,0.0,2,0,1,0,0,1,0,0,0,0,1,0,28
370,2,3,3,3,3,2,0.0,78,0.0,2,1,0,1,0,1,0,0,0,0,0,0,28
371,3,1,4,3,3,3,1.0,80,0.0,2,0,1,0,0,1,0,0,0,0,1,0,19
372,2,2,0,3,4,2,1.0,82,0.0,2,1,0,0,0,1,0,0,0,0,1,0,19
373,3,3,1,3,2,3,0.0,85,0.0,2,1,0,0,0,1,0,0,0,0,1,0,19
374,4,4,4,4,4,4,1.0,35,1.0,0,0,1,0,1,0,0,0,1,0,1,0,35
375,4,1,3,3,3,2,1.0,22,1.0,0,0,0,0,0,0,0,0,0,0,1,0,9
376,3,4,3,4,2,2,0.0,29,1.0,0,0,0,0,1,0,0,0,0,0,0,0,12
377,2,2,2,2,2,3,1.0,21,1.0,0,1,0,0,0,1,0,0,0,0,0,1,11
378,0,2,2,1,3,1,1.0,21,1.0,0,0,0,0,0,1,0,0,0,0,0,1,11
379,2,0,2,2,2,2,0.0,24,1.0,0,1,0,0,1,1,0,0,0,0,0,1,9
380,2,2,3,2,3,2,0.0,25,1.0,0,1,0,0,0,1,0,0,0,0,0,0,9
381,4,3,1,2,3,0,0.0,26,1.0,0,1,0,0,1,1,0,0,0,0,0,0,9
382,0,0,2,2,2,2,0.0,28,1.0,0,0,0,0,0,1,0,0,0,0,1,0,12
383,3,1,2,1,2,1,1.0,29,1.0,0,0,0,1,0,1,0,0,0,0,1,0,12
384,4,4,0,0,4,4,1.0,29,1.0,0,0,1,0,0,1,0,0,0,0,0,0,12
385,4,0,1,1,4,0,1.0,29,1.0,0,0,0,1,0,1,0,0,0,0,1,0,12
386,1,1,1,2,1,2,1.0,29,1.0,0,1,0,1,0,1,0,0,0,0,1,0,12
387,1,1,2,1,3,1,1.0,31,1.0,0,1,0,0,0,1,0,0,0,0,1,0,26
388,3,3,3,4,3,3,0.0,32,1.0,0,0,0,0,0,1,0,0,0,0,0,1,16
389,4,3,3,3,4,3,0.0,32,1.0,0,1,0,1,0,1,0,0,0,0,1,0,26
390,4,1,2,1,2,1,0.0,33,1.0,0,0,1,1,0,1,0,0,0,0,0,0,16
391,4,0,4,0,0,0,0.0,34,1.0,0,0,0,0,1,1,0,0,0,0,0,1,16
392,3,1,0,0,0,0,1.0,35,1.0,0,0,0,1,0,1,0,0,0,0,1,0,35
393,0,0,0,2,2,0,0.0,35,1.0,0,0,0,0,0,1,0,0,0,0,1,0,35
394,4,2,2,2,4,2,0.0,35,1.0,0,1,0,1,0,1,0,0,0,0,0,0,16
395,2,1,0,0,0,0,0.0,35,1.0,0,0,1,0,0,1,0,0,0,0,0,0,16
396,4,3,3,3,4,3,1.0,37,1.0,0,1,0,0,0,1,0,0,0,0,1,0,35
397,1,0,0,0,2,0,0.0,39,1.0,0,0,0,0,0,1,0,0,0,0,1,0,2
398,4,0,2,2,1,2,1.0,40,1.0,0,1,0,0,0,1,0,0,0,0,1,0,2
399,1,1,2,1,1,1,1.0,41,1.0,0,1,0,0,0,1,0,0,0,0,0,1,23
400,3,2,3,2,3,2,0.0,41,1.0,0,1,0,1,0,1,0,0,0,0,1,0,2
401,0,0,0,0,1,1,1.0,42,1.0,0,0,0,0,0,1,0,0,0,0,0,1,23
402,4,2,2,2,3,1,1.0,43,1.0,0,1,0,0,0,1,0,0,0,0,1,0,29
403,1,0,2,2,4,0,0.0,44,1.0,0,0,0,1,0,1,0,0,0,0,1,0,29
404,1,1,1,1,1,0,0.0,48,1.0,0,0,0,1,0,1,0,0,0,0,1,0,13
405,3,2,1,0,0,0,0.0,51,1.0,0,0,0,0,0,1,0,0,0,0,1,0,33
406,1,0,0,0,0,0,1.0,52,1.0,0,0,0,1,0,1,0,0,0,0,0,0,34
407,4,3,4,2,3,3,0.0,52,1.0,0,0,1,1,0,1,0,0,0,0,0,0,34
408,4,2,4,3,4,2,0.0,53,1.0,0,0,1,0,0,1,0,0,0,0,1,0,3
409,1,2,2,2,1,1,1.0,55,1.0,0,1,0,1,0,1,0,0,0,0,1,0,3
410,3,1,1,2,3,1,1.0,56,1.0,0,0,0,0,0,1,0,0,0,0,1,0,3
411,0,1,1,2,3,1,1.0,56,1.0,0,1,0,1,0,1,0,0,0,0,1,0,3
412,0,0,0,0,2,0,0.0,56,1.0,0,0,0,0,0,1,0,0,0,0,1,0,3
413,3,4,4,3,3,3,1.0,57,1.0,0,0,1,1,0,1,0,0,0,0,0,0,25
414,3,0,3,3,3,3,1.0,58,1.0,0,0,0,1,0,1,0,0,0,0,0,1,31
415,3,3,2,2,2,3,0.0,59,1.0,0,0,0,1,0,1,0,0,0,0,0,0,31
416,3,3,2,2,3,2,0.0,60,1.0,0,1,0,0,0,1,0,0,0,0,1,0,6
417,4,2,2,1,4,1,0.0,60,1.0,0,0,0,0,0,1,0,0,0,0,1,0,6
418,3,0,3,1,1,3,0.0,60,1.0,0,0,0,0,0,1,0,0,0,0,1,0,6
419,1,0,3,2,3,2,0.0,61,1.0,0,0,0,1,0,1,0,0,0,0,0,0,20
420,1,0,1,1,3,1,1.0,65,1.0,0,0,0,1,0,1,0,0,0,0,1,0,0
421,0,0,2,0,1,0,0.0,67,1.0,0,0,0,0,0,1,0,0,0,0,1,0,0
422,1,0,4,0,0,0,1.0,67,1.0,0,0,0,0,0,1,0,0,0,0,0,0,8
423,1,0,0,0,0,0,0.0,69,1.0,0,0,0,1,0,1,0,0,0,0,0,0,8
424,1,0,2,1,0,0,0.0,72,1.0,0,0,0,0,0,1,0,0,0,0,1,0,15
425,3,0,0,0,0,0,1.0,28,0.0,0,0,0,1,0,0,1,0,0,0,1,0,12
426,4,3,2,4,3,3,1.0,19,0.0,0,0,1,1,0,0,0,1,0,0,1,0,11
427,3,2,3,2,0,4,1.0,20,0.0,0,0,1,1,0,0,0,1,0,0,1,0,11
428,4,1,1,2,1,2,1.0,25,0.0,0,0,0,0,0,0,0,1,0,0,0,0,9
429,3,1,1,1,1,1,0.0,28,0.0,0,0,0,0,0,0,0,1,0,0,1,0,12
430,4,0,1,0,2,0,1.0,41,0.0,0,0,0,0,0,0,0,1,0,0,1,0,2
431,2,1,2,2,2,0,0.0,18,0.0,0,1,0,0,0,1,0,0,0,0,1,0,11
432,4,1,2,2,1,1,1.0,19,0.0,0,1,0,0,0,1,0,0,0,0,0,1,11
433,2,0,2,0,0,0,0.0,19,0.0,0,1,0,0,0,1,0,0,0,0,0,1,11
434,4,0,2,0,2,2,1.0,19,0.0,0,1,0,0,1,1,0,0,0,0,0,1,11
435,4,3,2,2,3,2,0.0,20,0.0,0,1,0,0,1,1,0,0,0,0,0,1,11
436,0,0,3,0,4,0,0.0,20,0.0,0,1,0,0,0,1,0,0,0,0,1,0,11
437,1,0,0,2,2,0,0.0,20,0.0,0,0,0,1,0,1,0,0,0,0,0,1,11
438,4,0,2,1,0,1,0.0,21,0.0,0,0,0,0,0,1,0,0,0,0,0,0,11
439,4,2,1,1,3,1,1.0,21,0.0,0,0,0,0,1,1,0,0,0,0,0,0,11
440,3,1,1,1,3,0,0.0,22,0.0,0,0,0,0,0,1,0,0,0,0,0,1,9
441,4,0,1,0,0,0,0.0,22,0.0,0,0,0,1,0,1,0,0,0,0,1,0,9
442,3,2,2,3,3,1,1.0,23,0.0,0,0,0,1,0,1,0,0,0,0,1,0,9
443,1,2,2,2,0,0,0.0,23,0.0,0,0,0,0,0,1,0,0,0,0,0,0,9
444,3,0,3,0,2,0,1.0,23,0.0,0,0,0,1,0,1,0,0,0,0,1,0,9
445,0,0,0,0,0,0,0.0,23,0.0,0,0,0,0,0,1,0,0,0,0,1,0,9
446,4,2,2,2,4,2,0.0,26,0.0,0,0,0,0,0,1,0,0,0,0,1,0,12
447,3,1,2,1,3,1,1.0,27,0.0,0,0,0,0,0,1,0,0,0,0,1,0,12
448,3,1,1,0,1,0,1.0,29,0.0,0,0,0,1,0,1,0,0,0,0,1,0,12
449,2,2,2,2,2,2,1.0,29,0.0,0,1,0,1,0,1,0,0,0,0,1,0,12
450,3,3,2,2,3,3,1.0,29,0.0,0,0,0,0,0,1,0,0,0,0,0,0,12
451,4,1,0,2,0,0,1.0,30,0.0,0,1,0,0,0,1,0,0,0,0,1,0,26
452,0,0,0,2,2,0,1.0,31,0.0,0,0,0,1,0,1,0,0,0,0,1,0,26
453,4,2,1,1,1,1,0.0,31,0.0,0,0,0,0,1,1,0,0,0,0,1,0,26
454,3,1,2,2,0,0,0.0,31,0.0,0,1,0,0,0,1,0,0,0,0,1,0,26
455,4,3,3,3,3,3,1.0,31,0.0,0,1,0,0,0,1,0,0,0,0,0,1,16
456,3,2,3,2,2,2,0.0,31,0.0,0,0,0,0,0,1,0,0,0,0,0,1,16
457,3,0,0,0,0,0,0.0,32,0.0,0,0,0,0,0,1,0,0,0,0,0,1,16
458,3,0,2,0,3,0,1.0,32,0.0,0,0,0,1,0,1,0,0,0,0,0,1,16
459,3,1,1,1,3,1,1.0,32,0.0,0,1,0,0,0,1,0,0,0,0,0,1,16
460,1,0,2,2,1,3,0.0,32,0.0,0,1,0,1,0,1,0,0,0,0,1,0,26
461,4,2,2,0,0,0,1.0,33,0.0,0,0,0,0,0,1,0,0,0,0,1,0,26
462,2,3,3,1,1,0,1.0,33,0.0,0,0,0,1,0,1,0,0,0,0,1,0,26
463,3,2,2,2,1,1,1.0,34,0.0,0,1,0,1,0,1,0,0,0,0,1,0,35
464,2,2,2,2,2,2,0.0,34,0.0,0,1,0,0,0,1,0,0,0,0,0,1,16
465,1,1,2,0,0,2,1.0,35,0.0,0,0,0,0,0,1,0,0,0,0,0,0,16
466,4,2,3,2,4,2,1.0,35,0.0,0,0,0,1,0,1,0,0,0,0,0,0,16
467,4,4,4,2,0,0,1.0,35,0.0,0,0,0,0,0,1,0,0,0,0,0,1,16
468,3,3,3,2,1,2,1.0,37,0.0,0,0,0,0,0,1,0,0,0,0,1,0,35
469,2,0,1,0,0,0,1.0,37,0.0,0,0,0,0,0,1,0,0,0,0,1,0,35
470,3,3,2,3,4,3,1.0,37,0.0,0,1,0,0,0,1,0,0,0,0,1,0,35
471,4,3,3,2,4,3,1.0,37,0.0,0,1,0,0,0,1,0,0,0,0,1,0,35
472,4,2,2,2,3,2,1.0,38,0.0,0,1,0,0,0,1,0,0,0,0,1,0,2
473,2,0,0,0,2,0,0.0,38,0.0,0,0,0,0,0,1,0,0,0,0,1,0,2
474,3,3,3,3,3,3,1.0,39,0.0,0,1,0,0,0,1,0,0,0,0,1,0,2
475,4,1,1,1,0,0,1.0,40,0.0,0,0,0,0,1,1,0,0,0,0,1,0,2
476,4,2,2,0,2,2,0.0,40,0.0,0,1,0,0,0,1,0,0,0,0,0,1,23
477,3,2,1,0,1,0,0.0,40,0.0,0,0,0,0,0,1,0,0,0,0,1,0,2
478,1,1,0,0,2,0,1.0,41,0.0,0,0,0,1,0,1,0,0,0,0,1,0,2
479,4,2,2,2,2,1,1.0,42,0.0,0,0,0,0,0,1,0,0,0,0,0,0,23
480,2,2,3,1,2,1,1.0,42,0.0,0,1,0,0,0,1,0,0,0,0,1,0,29
481,4,4,2,2,2,3,1.0,43,0.0,0,1,0,0,1,1,0,0,0,0,1,0,29
482,3,1,1,1,1,1,1.0,44,0.0,0,0,1,0,1,1,0,0,0,0,0,1,23
483,3,2,1,2,1,1,1.0,44,0.0,0,0,0,0,0,1,0,0,0,0,0,1,23
484,1,4,0,2,1,0,1.0,48,0.0,0,0,0,1,0,1,0,0,0,0,0,0,30
485,4,1,2,2,2,2,1.0,48,0.0,0,1,0,0,0,1,0,0,0,0,0,1,30
486,3,1,3,2,1,1,1.0,50,0.0,0,0,0,0,0,1,0,0,0,0,1,0,33
487,4,2,2,2,1,2,1.0,50,0.0,0,0,0,1,0,1,0,0,0,0,1,0,33
488,4,4,4,4,4,4,0.0,51,0.0,0,0,1,0,0,1,0,0,0,0,1,0,33
489,0,0,0,0,0,0,1.0,53,0.0,0,0,0,0,0,1,0,0,0,0,0,0,34
490,4,0,0,0,0,0,0.0,55,0.0,0,0,0,0,0,1,0,0,0,0,0,0,34
491,1,1,1,1,1,1,0.0,55,0.0,0,0,0,0,0,1,0,0,0,0,1,0,3
492,4,0,4,3,3,3,1.0,56,0.0,0,0,0,1,0,1,0,0,0,0,1,0,3
493,4,3,4,2,4,2,1.0,56,0.0,0,0,1,0,0,1,0,0,0,0,0,0,34
494,0,0,1,0,0,0,1.0,57,0.0,0,0,0,1,0,1,0,0,0,0,1,0,3
495,3,1,1,1,1,1,1.0,58,0.0,0,0,0,0,1,1,0,0,0,0,1,0,6
496,1,0,0,0,0,0,0.0,58,0.0,0,0,0,0,0,1,0,0,0,0,1,0,6
497,2,1,1,1,1,0,1.0,59,0.0,0,0,0,0,0,1,0,0,0,0,0,0,31
498,4,0,2,2,3,1,1.0,59,0.0,0,1,0,1,0,1,0,0,0,0,0,1,31
499,2,0,2,1,1,1,1.0,59,0.0,0,0,0,0,0,1,0,0,0,0,0,1,31
500,3,0,0,0,2,0,1.0,60,0.0,0,0,0,1,0,1,0,0,0,0,1,0,6
501,3,2,2,0,0,2,0.0,60,0.0,0,1,0,0,0,1,0,0,0,0,1,0,6
502,1,0,2,1,4,0,0.0,60,0.0,0,0,1,1,0,1,0,0,0,0,1,0,6
503,2,0,1,1,4,0,1.0,61,0.0,0,0,0,1,0,1,0,0,0,0,1,0,6
504,0,0,2,2,2,2,0.0,61,0.0,0,0,0,0,0,1,0,0,0,0,0,1,31
505,1,0,0,0,2,0,1.0,62,0.0,0,0,0,0,0,1,0,0,0,0,1,0,6
506,3,0,2,0,0,0,1.0,63,0.0,0,0,0,0,0,1,0,0,0,0,0,1,31
507,4,0,0,0,0,0,1.0,63,0.0,0,0,1,0,0,1,0,0,0,0,1,0,0
508,0,0,0,0,0,0,0.0,63,0.0,0,1,0,0,1,1,0,0,0,0,1,0,0
509,3,0,2,0,3,0,1.0,64,0.0,0,0,0,0,0,1,0,0,0,0,1,0,0
510,4,2,2,1,1,0,0.0,70,0.0,0,1,0,0,1,1,0,0,0,0,1,0,15
511,3,3,3,2,1,1,1.0,70,0.0,0,0,0,0,0,1,0,0,0,0,0,0,8
512,3,1,1,0,1,0,0.0,70,0.0,0,0,0,0,0,1,0,0,0,0,1,0,15
513,4,0,4,0,2,0,1.0,71,0.0,0,1,0,1,0,1,0,0,0,0,1,0,15
514,1,1,1,0,0,0,0.0,71,0.0,0,0,0,0,0,1,0,0,0,0,1,0,15
515,1,0,2,2,1,1,1.0,71,0.0,0,0,0,0,0,1,0,0,0,0,0,0,8
516,1,1,1,1,3,1,0.0,72,0.0,0,1,0,1,0,1,0,0,0,0,1,0,15
517,1,1,2,2,2,2,0.0,82,0.0,0,1,0,0,0,1,0,0,0,0,1,0,19
518,3,2,2,2,2,2,1.0,49,0.0,0,1,0,1,0,0,0,1,0,0,1,0,13
519,4,2,4,2,2,2,0.0,22,0.0,0,1,0,1,0,1,0,0,0,0,0,1,9
520,4,4,4,3,3,4,1.0,25,1.0,1,0,1,0,1,0,0,0,1,1,0,0,9
521,0,4,4,4,3,4,1.0,27,1.0,1,0,1,0,1,0,0,0,1,1,0,0,9
522,4,4,4,4,4,4,1.0,30,1.0,1,0,1,0,1,0,0,0,1,1,0,0,4
523,4,4,4,4,4,4,1.0,34,1.0,1,0,1,0,1,0,0,0,1,1,0,0,4
524,4,3,4,4,4,3,1.0,34,1.0,1,0,1,0,1,0,0,0,1,1,0,0,4
525,3,4,4,3,4,3,1.0,35,1.0,1,0,1,0,1,0,0,0,1,1,0,0,4
526,4,4,4,4,4,4,1.0,35,1.0,1,0,1,0,1,0,0,0,1,1,0,0,4
527,4,4,3,4,3,4,1.0,38,1.0,1,0,1,0,1,0,0,0,1,1,0,0,24
528,4,3,3,4,3,4,1.0,39,1.0,1,0,1,1,0,0,0,0,1,1,0,0,24
529,4,4,3,4,3,4,1.0,40,1.0,1,0,1,0,1,0,0,0,1,1,0,0,24
530,4,4,4,4,4,4,1.0,40,1.0,1,0,1,0,1,0,0,0,1,1,0,0,24
531,3,4,2,4,4,4,1.0,41,1.0,1,0,1,0,1,0,0,0,1,1,0,0,24
532,4,3,4,3,4,4,1.0,43,1.0,1,0,1,0,1,0,0,0,1,1,0,0,24
533,4,4,3,4,3,3,1.0,47,1.0,1,0,1,0,1,0,0,0,1,1,0,0,10
534,4,4,4,4,4,4,1.0,50,1.0,1,0,1,0,1,0,0,0,1,1,0,0,18
535,4,4,3,4,3,4,1.0,52,1.0,1,0,1,0,1,0,0,0,1,1,0,0,18
536,3,3,4,3,3,3,1.0,59,1.0,1,0,1,1,0,0,0,0,1,1,0,0,25
537,4,3,4,4,4,4,0.0,65,1.0,1,0,1,0,1,0,0,0,1,1,0,0,1
538,4,4,4,3,4,4,1.0,69,1.0,1,0,1,0,1,0,0,0,1,1,0,0,8
539,3,4,4,3,4,3,1.0,29,1.0,1,0,0,1,0,0,1,0,0,1,1,0,12
540,4,3,3,2,4,3,1.0,27,1.0,1,0,1,0,1,0,0,0,0,1,0,0,9
541,4,4,4,3,4,4,1.0,29,1.0,1,0,1,0,1,0,0,0,0,1,0,0,12
542,4,3,4,2,3,1,1.0,31,1.0,1,0,1,0,1,0,0,0,0,1,0,0,4
543,4,3,2,3,3,3,1.0,33,1.0,1,0,1,0,1,0,0,0,0,1,1,0,17
544,4,4,4,4,4,4,1.0,37,1.0,1,0,1,0,1,0,0,0,0,1,0,0,24
545,3,3,4,3,4,3,1.0,47,1.0,1,0,1,0,1,0,0,0,0,1,0,0,10
546,4,3,4,3,4,3,1.0,50,1.0,1,0,1,0,1,0,0,0,0,1,0,0,18
547,4,4,3,4,4,3,1.0,51,1.0,1,0,1,0,1,0,0,0,0,1,0,0,18
548,0,1,0,4,0,0,0.0,24,1.0,1,0,1,1,0,1,0,0,0,1,1,0,9
549,4,4,4,4,2,3,0.0,35,1.0,1,0,1,0,1,1,0,0,0,1,0,0,4
550,4,4,4,4,4,4,1.0,35,1.0,1,0,1,0,1,1,0,0,0,1,0,0,4
551,4,0,2,2,4,2,0.0,37,1.0,1,0,1,0,1,1,0,0,0,1,1,0,17
552,4,4,4,4,4,4,1.0,38,1.0,1,0,1,0,1,1,0,0,0,1,0,0,24
553,4,3,4,3,4,3,1.0,41,1.0,1,0,1,0,1,1,0,0,0,1,0,0,24
554,3,2,3,3,4,2,0.0,65,1.0,1,1,0,0,0,1,0,0,0,1,1,0,22
555,4,3,4,3,3,4,1.0,70,1.0,1,1,0,0,1,1,0,0,0,1,0,0,7
556,3,1,4,4,3,4,0.0,81,1.0,1,1,0,1,0,1,0,0,0,1,0,0,19
557,4,4,4,4,4,4,1.0,34,0.0,1,0,1,0,1,0,0,0,1,1,0,0,4
558,3,4,4,4,4,4,1.0,42,0.0,1,0,1,0,1,0,0,0,1,1,0,0,24
559,4,2,1,3,3,3,1.0,23,0.0,1,1,0,0,1,0,1,0,0,1,0,0,9
560,4,3,4,4,4,4,0.0,50,0.0,1,1,0,0,0,0,1,0,0,1,1,0,5
561,3,1,2,1,2,1,1.0,33,0.0,1,0,1,1,0,0,0,0,0,1,1,0,17
562,3,3,3,3,3,3,1.0,36,0.0,1,0,1,0,1,0,0,0,0,1,0,0,4
563,3,4,2,4,3,3,1.0,21,0.0,1,0,1,0,1,1,0,0,0,1,0,0,11
564,4,3,2,2,4,2,1.0,27,0.0,1,0,1,1,0,1,0,0,0,1,1,0,12
565,4,2,2,3,3,2,1.0,32,0.0,1,0,0,1,0,1,0,0,0,1,0,0,4
566,4,1,1,3,4,3,0.0,35,0.0,1,0,0,1,0,1,0,0,0,1,1,0,17
567,3,3,2,3,3,3,0.0,38,0.0,1,0,1,0,1,1,0,0,0,1,0,0,24
568,4,4,2,4,4,4,0.0,38,0.0,1,0,1,0,1,1,0,0,0,1,0,0,24
569,4,4,3,4,3,4,1.0,41,0.0,1,0,1,0,1,1,0,0,0,1,0,0,24
570,3,3,4,4,3,4,1.0,45,0.0,1,0,1,0,1,1,0,0,0,1,0,0,10
571,2,0,0,2,2,2,1.0,53,0.0,1,1,0,1,0,1,0,0,0,1,0,1,21
572,4,3,4,4,4,4,1.0,56,0.0,1,1,0,0,0,1,0,0,0,1,1,0,25
573,4,3,4,4,4,4,1.0,56,0.0,1,0,1,0,0,1,0,0,0,1,0,0,25
574,4,4,3,4,4,4,1.0,65,0.0,1,0,1,0,1,1,0,0,0,1,0,0,1
575,4,4,4,4,4,4,1.0,74,0.0,1,1,0,0,0,1,0,0,0,1,0,0,14
576,4,4,4,4,4,4,1.0,37,1.0,1,0,1,0,1,0,0,0,1,1,0,0,24
577,4,3,4,3,4,3,1.0,37,1.0,1,0,1,0,1,0,0,0,1,1,0,0,24
578,4,4,4,4,4,4,1.0,37,1.0,1,0,1,0,1,0,0,0,1,1,0,0,24
579,4,4,4,4,4,4,1.0,38,1.0,1,0,1,0,1,0,0,0,1,1,0,0,24
580,4,4,4,4,4,4,1.0,41,1.0,1,0,1,0,1,0,0,0,1,1,0,0,24
581,4,4,3,2,4,3,1.0,29,1.0,1,0,0,0,1,0,1,0,0,1,0,0,12
582,1,4,1,1,3,3,1.0,24,1.0,1,0,1,1,0,0,0,0,0,1,0,0,9
583,4,3,3,4,3,4,1.0,25,1.0,1,0,1,0,1,0,0,0,0,1,1,0,9
584,3,3,3,3,3,3,1.0,33,1.0,1,0,1,1,0,0,0,0,0,1,0,0,4
585,3,4,1,3,4,2,0.0,36,1.0,1,0,1,0,0,0,0,0,0,1,0,0,4
586,2,2,2,2,2,2,1.0,37,1.0,1,0,1,0,1,0,0,0,0,1,0,0,24
587,4,4,4,4,3,4,1.0,50,1.0,1,0,1,0,1,0,0,0,0,1,0,0,18
588,3,4,2,3,4,3,1.0,67,1.0,1,0,1,0,1,0,0,0,0,1,1,0,22
589,4,3,4,4,4,4,1.0,25,1.0,1,1,0,1,0,0,0,1,0,1,1,0,9
590,4,4,4,4,4,4,1.0,37,1.0,1,0,1,0,1,0,0,1,0,1,0,0,24
591,3,1,3,3,3,3,1.0,58,1.0,1,1,0,1,0,0,0,1,0,1,0,0,25
592,4,3,2,3,3,2,1.0,25,1.0,1,1,0,0,0,1,0,0,0,1,0,0,9
593,3,4,2,2,3,1,1.0,27,1.0,1,0,0,1,0,1,0,0,0,1,0,0,9
594,4,3,3,4,3,4,1.0,28,1.0,1,0,1,1,0,1,0,0,0,1,1,0,12
595,3,4,3,4,4,4,1.0,29,1.0,1,0,1,1,0,1,0,0,0,1,0,0,12
596,3,3,3,3,2,4,1.0,31,1.0,1,0,0,1,0,1,0,0,0,1,0,0,4
597,3,4,1,4,4,4,1.0,31,1.0,1,0,1,0,1,1,0,0,0,1,0,0,4
598,0,0,0,1,0,0,1.0,32,1.0,1,0,0,1,0,1,0,0,0,1,0,0,4
599,4,3,3,2,2,3,1.0,32,1.0,1,0,1,0,1,1,0,0,0,1,0,0,4
600,4,4,4,4,4,4,0.0,32,1.0,1,0,1,0,1,1,0,0,0,1,0,0,4
601,4,4,4,4,3,3,1.0,33,1.0,1,0,0,1,0,1,0,0,0,1,0,0,4
602,4,0,3,3,1,3,1.0,33,1.0,1,0,0,1,0,1,0,0,0,1,0,0,4
603,3,3,4,4,4,4,1.0,34,1.0,1,0,1,0,1,1,0,0,0,1,0,0,4
604,4,3,4,4,4,4,1.0,34,1.0,1,0,1,1,0,1,0,0,0,1,0,0,4
605,3,4,4,3,4,3,1.0,35,1.0,1,0,1,0,1,1,0,0,0,1,0,0,4
606,4,3,4,3,3,3,0.0,35,1.0,1,0,1,0,1,1,0,0,0,1,0,0,4
607,3,3,4,4,4,4,1.0,35,1.0,1,0,1,0,1,1,0,0,0,1,0,0,4
608,4,4,4,4,4,3,1.0,35,1.0,1,0,1,0,1,1,0,0,0,1,0,0,4
609,3,4,3,3,3,3,0.0,35,1.0,1,0,1,0,1,1,0,0,0,1,0,0,4
610,3,3,4,4,4,4,0.0,36,1.0,1,0,1,0,1,1,0,0,0,1,0,0,4
611,2,2,2,3,3,3,1.0,36,1.0,1,0,0,0,1,1,0,0,0,1,0,0,4
612,4,3,3,3,3,3,0.0,36,1.0,1,1,0,0,0,1,0,0,0,1,0,0,4
613,4,4,4,4,4,4,0.0,36,1.0,1,0,1,0,1,1,0,0,0,1,1,0,17
614,4,4,3,4,4,4,0.0,36,1.0,1,0,1,0,1,1,0,0,0,1,0,0,4
615,4,3,3,2,4,3,1.0,38,1.0,1,0,1,1,0,1,0,0,0,1,0,0,24
616,4,4,0,4,4,4,1.0,39,1.0,1,0,1,0,1,1,0,0,0,1,0,0,24
617,4,4,2,2,2,2,1.0,41,1.0,1,1,0,0,1,1,0,0,0,1,0,0,24
618,4,3,3,3,3,3,0.0,42,1.0,1,0,1,0,0,1,0,0,0,1,0,0,24
619,0,4,4,3,4,4,0.0,43,1.0,1,0,1,0,1,1,0,0,0,1,0,0,24
620,4,4,4,4,3,4,0.0,43,1.0,1,1,0,0,0,1,0,0,0,1,1,0,27
621,3,3,2,4,3,3,1.0,43,1.0,1,1,0,0,1,1,0,0,0,1,1,0,27
622,4,4,4,3,4,4,1.0,48,1.0,1,0,1,0,1,1,0,0,0,1,0,0,10
623,0,2,2,2,1,1,0.0,48,1.0,1,1,0,0,0,1,0,0,0,1,0,0,10
624,4,3,2,3,3,3,1.0,48,1.0,1,0,1,0,1,1,0,0,0,1,0,0,10
625,4,4,4,4,4,2,0.0,49,1.0,1,1,0,0,0,1,0,0,0,1,0,0,10
626,4,3,4,3,3,3,1.0,51,1.0,1,0,1,0,1,1,0,0,0,1,0,0,18
627,0,2,0,2,0,0,0.0,53,1.0,1,0,0,1,0,1,0,0,0,1,0,0,18
628,4,3,4,4,3,4,1.0,55,1.0,1,0,1,0,1,1,0,0,0,1,1,0,5
629,4,4,4,4,4,4,1.0,57,1.0,1,0,1,0,0,1,0,0,0,1,1,0,25
630,4,3,3,3,3,4,1.0,58,1.0,1,1,0,0,0,1,0,0,0,1,0,0,25
631,3,3,3,3,2,3,1.0,59,1.0,1,0,1,1,0,1,0,0,0,1,1,0,6
632,4,1,4,4,4,4,1.0,61,1.0,1,0,1,0,0,1,0,0,0,1,0,0,20
633,4,4,4,4,4,4,0.0,61,1.0,1,0,1,0,1,1,0,0,0,1,0,0,20
634,3,3,3,3,3,3,1.0,63,1.0,1,1,0,1,0,1,0,0,0,1,0,0,20
635,0,0,0,2,0,0,1.0,63,1.0,1,0,0,1,0,1,0,0,0,1,1,0,32
636,3,4,4,4,4,4,0.0,63,1.0,1,0,1,0,1,1,0,0,0,1,0,0,20
637,4,4,4,4,4,4,1.0,65,1.0,1,0,1,0,1,1,0,0,0,1,0,0,1
638,1,1,3,3,3,3,1.0,65,1.0,1,0,0,1,0,1,0,0,0,1,1,0,22
639,4,1,2,2,2,2,1.0,65,1.0,1,1,0,0,1,1,0,0,0,1,0,1,1
640,1,3,4,4,3,3,1.0,66,1.0,1,0,1,1,0,1,0,0,0,1,0,0,1
641,1,3,4,4,3,4,0.0,67,1.0,1,0,1,0,0,1,0,0,0,1,0,0,1
642,4,4,4,4,4,4,1.0,68,1.0,1,0,1,0,0,1,0,0,0,1,1,0,22
643,1,3,1,3,1,3,1.0,69,1.0,1,1,0,1,0,1,0,0,0,1,0,1,8
644,4,4,4,4,4,4,0.0,69,1.0,1,0,1,0,0,1,0,0,0,1,0,0,8
645,4,4,4,4,4,4,0.0,70,1.0,1,0,1,0,0,1,0,0,0,1,0,0,7
646,3,3,4,4,3,4,0.0,73,1.0,1,0,1,0,0,1,0,0,0,1,0,0,14
647,2,3,2,2,2,2,0.0,73,1.0,1,1,0,1,0,1,0,0,0,1,0,0,14
648,0,0,0,0,0,0,1.0,75,1.0,1,1,0,0,0,1,0,0,0,1,0,0,14
649,4,4,4,4,3,4,1.0,75,1.0,1,0,1,0,0,1,0,0,0,1,0,0,14
650,4,4,4,4,2,4,1.0,76,1.0,1,0,1,0,0,1,0,0,0,1,0,0,14
651,4,4,4,4,3,4,1.0,79,1.0,1,0,1,0,1,1,0,0,0,1,1,0,19
652,4,3,4,4,3,4,0.0,80,1.0,1,0,0,0,0,1,0,0,0,1,0,0,19
653,0,1,4,4,2,3,0.0,80,1.0,1,0,1,1,0,1,0,0,0,1,1,0,19
654,3,3,3,3,3,3,1.0,31,0.0,1,0,1,0,1,0,0,0,1,1,0,0,4
655,4,4,4,3,4,4,0.0,33,0.0,1,0,1,0,1,0,0,0,1,1,0,0,4
656,1,3,3,4,3,2,1.0,23,0.0,1,0,1,1,0,0,1,0,0,1,0,0,9
657,2,2,4,2,3,4,1.0,27,0.0,1,0,1,0,1,0,1,0,0,1,0,0,9
658,2,2,2,2,2,2,1.0,33,0.0,1,0,1,0,1,0,1,0,0,1,0,0,4
659,3,2,3,3,3,3,1.0,37,0.0,1,0,0,1,0,0,1,0,0,1,1,0,17
660,4,3,3,3,4,3,0.0,64,0.0,1,0,0,1,0,0,1,0,0,1,1,0,32
661,4,3,3,3,3,3,1.0,32,0.0,1,0,1,0,1,0,0,0,0,1,0,0,4
662,3,4,4,4,4,3,0.0,45,0.0,1,1,0,1,0,0,0,0,0,1,1,0,27
663,4,3,2,3,2,3,1.0,24,0.0,1,1,0,0,0,0,0,1,0,1,0,0,9
664,4,3,2,3,1,2,1.0,29,0.0,1,0,0,1,0,0,0,1,0,1,0,0,12
665,3,1,1,2,3,3,1.0,31,0.0,1,0,1,1,0,0,0,1,0,1,1,0,26
666,1,0,2,2,3,2,0.0,42,0.0,1,0,1,0,0,0,0,1,0,1,0,0,24
667,4,0,2,0,4,4,1.0,58,0.0,1,0,0,0,0,0,0,1,0,1,0,0,25
668,3,1,3,3,4,3,1.0,22,0.0,1,1,0,1,0,1,0,0,0,1,1,0,9
669,4,4,3,3,4,3,1.0,25,0.0,1,0,1,0,1,1,0,0,0,1,1,0,9
670,3,4,4,4,3,4,1.0,26,0.0,1,1,0,1,0,1,0,0,0,1,1,0,12
671,4,3,4,4,4,3,1.0,27,0.0,1,0,1,0,1,1,0,0,0,1,1,0,12
672,4,2,4,4,4,4,1.0,28,0.0,1,0,1,0,1,1,0,0,0,1,1,0,12
673,3,1,3,2,3,1,1.0,30,0.0,1,1,0,1,0,1,0,0,0,1,1,0,26
674,4,4,2,3,3,3,0.0,30,0.0,1,0,1,0,0,1,0,0,0,1,0,1,4
675,4,4,4,4,4,4,1.0,30,0.0,1,0,1,0,1,1,0,0,0,1,0,0,4
676,3,4,4,3,3,3,0.0,30,0.0,1,0,1,0,1,1,0,0,0,1,0,0,4
677,4,4,4,4,3,4,0.0,30,0.0,1,0,1,0,1,1,0,0,0,1,0,0,4
678,3,4,4,4,3,3,1.0,30,0.0,1,0,1,0,1,1,0,0,0,1,1,0,26
679,4,1,3,4,3,3,1.0,31,0.0,1,0,0,0,0,1,0,0,0,1,0,0,4
680,4,3,4,3,3,3,0.0,32,0.0,1,0,1,0,1,1,0,0,0,1,0,0,4
681,3,3,4,3,2,3,1.0,32,0.0,1,1,0,1,0,1,0,0,0,1,0,0,4
682,2,2,3,3,3,2,1.0,33,0.0,1,0,1,0,1,1,0,0,0,1,1,0,17
683,2,2,3,2,1,1,1.0,33,0.0,1,0,0,1,0,1,0,0,0,1,1,0,17
684,4,3,3,3,3,3,1.0,34,0.0,1,0,0,1,0,1,0,0,0,1,1,0,17
685,4,3,2,3,3,3,0.0,36,0.0,1,0,1,0,0,1,0,0,0,1,1,0,17
686,3,2,3,3,2,2,1.0,38,0.0,1,1,0,1,0,1,0,0,0,1,1,0,2
687,4,4,4,4,4,4,0.0,39,0.0,1,0,1,0,1,1,0,0,0,1,1,0,2
688,3,3,2,2,2,2,1.0,39,0.0,1,0,1,1,0,1,0,0,0,1,1,0,2
689,4,4,4,4,4,3,0.0,42,0.0,1,0,1,0,0,1,0,0,0,1,0,1,23
690,4,4,4,4,4,4,1.0,44,0.0,1,0,1,0,0,1,0,0,0,1,1,0,27
691,3,4,4,3,4,3,1.0,44,0.0,1,0,1,0,1,1,0,0,0,1,0,0,10
692,4,4,4,4,4,4,0.0,45,0.0,1,0,1,0,0,1,0,0,0,1,0,0,10
693,2,1,3,3,3,4,1.0,46,0.0,1,0,1,0,0,1,0,0,0,1,1,0,27
694,4,1,3,3,0,2,1.0,46,0.0,1,1,0,1,0,1,0,0,0,1,1,0,27
695,4,3,4,3,4,4,1.0,47,0.0,1,1,0,0,0,1,0,0,0,1,0,1,10
696,4,4,4,4,4,4,0.0,47,0.0,1,0,1,0,1,1,0,0,0,1,1,0,27
697,4,3,4,3,3,3,1.0,51,0.0,1,0,1,0,1,1,0,0,0,1,1,0,5
698,3,1,3,3,3,3,1.0,52,0.0,1,1,0,0,0,1,0,0,0,1,0,1,21
699,2,2,3,3,3,3,0.0,53,0.0,1,0,0,1,0,1,0,0,0,1,1,0,5
700,3,3,3,3,3,3,1.0,53,0.0,1,0,1,0,0,1,0,0,0,1,1,0,5
701,1,3,2,2,1,2,1.0,55,0.0,1,1,0,1,0,1,0,0,0,1,0,0,25
702,4,4,4,4,3,4,1.0,57,0.0,1,1,0,1,0,1,0,0,0,1,0,0,25
703,4,3,4,4,4,4,0.0,59,0.0,1,1,0,0,0,1,0,0,0,1,0,0,25
704,3,2,3,3,2,2,1.0,60,0.0,1,1,0,0,0,1,0,0,0,1,1,0,6
705,4,4,4,3,2,4,1.0,60,0.0,1,1,0,0,0,1,0,0,0,1,0,1,31
706,1,3,3,3,2,3,1.0,65,0.0,1,1,0,1,0,1,0,0,0,1,1,0,22
707,4,0,4,3,3,4,1.0,67,0.0,1,1,0,0,0,1,0,0,0,1,1,0,22
708,4,3,4,4,3,4,1.0,69,0.0,1,0,1,0,0,1,0,0,0,1,1,0,7
709,4,3,3,3,0,0,0.0,71,0.0,1,0,0,0,1,1,0,0,0,1,1,0,7
710,4,3,4,3,3,3,1.0,71,0.0,1,0,1,0,0,1,0,0,0,1,1,0,7
711,4,1,4,4,2,4,0.0,72,0.0,1,0,0,0,0,1,0,0,0,1,1,0,7
712,4,2,3,1,4,1,0.0,73,0.0,1,0,0,1,0,1,0,0,0,1,1,0,7
713,4,4,4,4,2,3,0.0,79,0.0,1,1,0,0,1,1,0,0,0,1,0,0,19
714,3,3,4,4,4,4,0.0,38,1.0,2,0,1,1,0,0,0,0,1,1,0,0,24
715,1,3,2,3,1,3,1.0,44,1.0,2,0,1,0,1,0,0,0,1,1,0,0,10
716,4,4,3,4,4,3,1.0,47,1.0,2,0,1,0,0,0,0,0,1,1,0,0,10
717,4,4,4,4,4,4,1.0,51,1.0,2,0,1,0,1,0,0,0,1,1,0,0,18
718,4,4,4,3,4,3,1.0,22,1.0,2,0,1,0,1,0,1,0,0,1,0,0,9
719,4,4,4,4,4,4,1.0,40,1.0,2,0,1,0,1,0,1,0,0,1,0,0,24
720,4,2,2,2,3,2,1.0,25,1.0,2,0,1,0,1,0,0,1,0,1,1,0,9
721,3,3,3,2,2,3,1.0,39,1.0,2,0,0,1,0,0,0,1,0,1,0,0,24
722,3,3,4,3,2,2,0.0,51,1.0,2,1,0,1,0,0,0,1,0,1,0,0,18
723,4,4,2,4,4,4,0.0,55,1.0,2,0,1,0,1,0,0,1,0,1,1,0,5
724,4,4,4,4,4,4,0.0,69,1.0,2,0,1,0,1,0,0,1,0,1,0,0,8
725,4,4,3,4,4,3,1.0,24,1.0,2,0,1,0,1,1,0,0,0,1,1,0,9
726,4,3,4,3,3,3,1.0,29,1.0,2,1,0,1,0,1,0,0,0,1,0,0,12
727,4,3,4,4,4,4,1.0,29,1.0,2,0,1,0,1,1,0,0,0,1,0,0,12
728,4,4,4,4,4,4,1.0,32,1.0,2,0,1,0,1,1,0,0,0,1,0,0,4
729,4,3,4,4,4,4,0.0,32,1.0,2,0,1,0,0,1,0,0,0,1,1,0,17
730,3,3,4,4,4,4,0.0,33,1.0,2,0,1,1,0,1,0,0,0,1,0,0,4
731,4,3,4,3,1,3,1.0,35,1.0,2,0,1,0,0,1,0,0,0,1,0,0,4
732,4,3,4,4,3,4,1.0,36,1.0,2,1,0,0,0,1,0,0,0,1,0,0,4
733,4,4,4,4,1,4,1.0,37,1.0,2,1,0,0,0,1,0,0,0,1,1,0,17
734,0,4,3,4,3,4,1.0,38,1.0,2,0,1,1,0,1,0,0,0,1,1,0,2
735,4,4,4,4,4,4,1.0,38,1.0,2,0,0,0,1,1,0,0,0,1,0,0,24
736,3,1,4,4,4,4,1.0,39,1.0,2,0,1,1,0,1,0,0,0,1,0,0,24
737,0,3,1,3,1,3,0.0,39,1.0,2,1,0,1,0,1,0,0,0,1,0,0,24
738,4,3,4,4,4,4,1.0,39,1.0,2,0,1,0,1,1,0,0,0,1,0,0,24
739,1,3,2,3,2,3,1.0,40,1.0,2,0,1,1,0,1,0,0,0,1,0,0,24
740,4,4,4,4,4,4,0.0,40,1.0,2,0,1,0,1,1,0,0,0,1,0,0,24
741,4,4,3,3,4,3,1.0,40,1.0,2,0,1,0,1,1,0,0,0,1,0,0,24
742,4,4,4,4,4,4,0.0,40,1.0,2,0,1,0,0,1,0,0,0,1,1,0,24
743,4,4,3,4,4,4,0.0,41,1.0,2,0,1,0,1,1,0,0,0,1,0,0,24
744,3,3,3,4,3,3,1.0,42,1.0,2,0,1,0,1,1,0,0,0,1,1,0,27
745,3,4,3,4,4,4,1.0,42,1.0,2,0,1,1,0,1,0,0,0,1,0,0,24
746,4,3,4,4,4,4,1.0,42,1.0,2,1,0,0,0,1,0,0,0,1,0,0,24
747,4,4,4,4,4,4,1.0,42,1.0,2,0,1,0,1,1,0,0,0,1,0,0,24
748,3,3,4,4,3,4,0.0,43,1.0,2,0,1,1,0,1,0,0,0,1,1,0,27
749,3,4,4,4,4,4,0.0,44,1.0,2,0,1,1,0,1,0,0,0,1,1,0,27
750,4,3,3,3,4,4,0.0,44,1.0,2,1,0,1,0,1,0,0,0,1,0,0,10
751,3,3,4,3,2,3,0.0,48,1.0,2,0,1,1,0,1,0,0,0,1,0,0,10
752,3,4,4,4,4,4,0.0,49,1.0,2,0,1,0,0,1,0,0,0,1,0,0,10
753,4,3,4,4,3,4,0.0,50,1.0,2,0,1,0,1,1,0,0,0,1,0,0,18
754,1,1,1,2,1,1,1.0,50,1.0,2,1,0,0,0,1,0,0,0,1,0,0,18
755,3,3,4,4,4,4,1.0,51,1.0,2,0,1,0,0,1,0,0,0,1,1,0,5
756,4,1,3,4,3,2,1.0,52,1.0,2,0,0,0,1,1,0,0,0,1,1,0,5
757,4,4,0,0,4,4,1.0,52,1.0,2,0,0,0,1,1,0,0,0,1,0,0,18
758,3,3,4,4,4,4,1.0,52,1.0,2,0,1,1,0,1,0,0,0,1,0,0,18
759,4,3,2,2,3,3,0.0,52,1.0,2,1,0,1,0,1,0,0,0,1,0,0,18
760,4,4,4,4,4,4,1.0,52,1.0,2,1,0,0,0,1,0,0,0,1,0,0,18
761,4,4,4,4,4,4,0.0,52,1.0,2,0,1,0,0,1,0,0,0,1,0,0,18
762,4,4,4,4,3,4,0.0,53,1.0,2,0,1,0,1,1,0,0,0,1,0,0,18
763,4,4,4,4,4,4,1.0,54,1.0,2,0,1,0,1,1,0,0,0,1,0,0,18
764,1,3,4,4,4,4,1.0,54,1.0,2,0,1,0,0,1,0,0,0,1,0,0,18
765,1,1,3,3,2,3,1.0,54,1.0,2,0,0,1,0,1,0,0,0,1,0,0,18
766,4,4,4,4,4,4,1.0,55,1.0,2,0,1,0,0,1,0,0,0,1,0,0,25
767,4,4,4,4,4,4,0.0,55,1.0,2,1,0,1,0,1,0,0,0,1,0,0,25
768,4,4,4,4,4,4,0.0,56,1.0,2,0,1,0,0,1,0,0,0,1,0,0,25
769,4,3,4,4,4,4,1.0,56,1.0,2,0,1,0,0,1,0,0,0,1,1,0,25
770,4,4,4,4,3,4,0.0,57,1.0,2,1,0,0,1,1,0,0,0,1,0,0,25
771,4,4,4,4,4,4,0.0,57,1.0,2,1,0,0,1,1,0,0,0,1,0,0,25
772,4,3,4,4,3,4,1.0,58,1.0,2,0,1,1,0,1,0,0,0,1,1,0,25
773,4,2,4,4,3,4,1.0,58,1.0,2,0,1,0,0,1,0,0,0,1,0,0,25
774,4,3,4,3,3,4,1.0,58,1.0,2,1,0,0,0,1,0,0,0,1,0,0,25
775,3,3,4,4,2,4,1.0,58,1.0,2,0,1,1,0,1,0,0,0,1,0,0,25
776,4,4,4,4,4,4,0.0,58,1.0,2,0,1,0,0,1,0,0,0,1,0,0,25
777,4,4,3,4,4,4,1.0,59,1.0,2,0,1,0,0,1,0,0,0,1,0,0,25
778,4,3,4,4,4,4,1.0,60,1.0,2,0,1,0,1,1,0,0,0,1,0,0,20
779,2,1,2,1,1,1,1.0,60,1.0,2,1,0,1,0,1,0,0,0,1,0,1,31
780,3,1,3,3,3,3,1.0,61,1.0,2,1,0,1,0,1,0,0,0,1,0,1,20
781,4,4,4,4,4,4,0.0,61,1.0,2,0,1,0,0,1,0,0,0,1,0,0,20
782,4,3,4,4,4,4,0.0,61,1.0,2,0,1,0,0,1,0,0,0,1,0,0,20
783,4,4,4,4,4,4,0.0,61,1.0,2,0,1,0,0,1,0,0,0,1,0,0,20
784,4,3,4,4,4,4,0.0,61,1.0,2,0,1,0,0,1,0,0,0,1,0,0,20
785,3,0,3,4,2,3,0.0,61,1.0,2,1,0,0,0,1,0,0,0,1,0,0,20
786,4,4,4,4,4,4,0.0,62,1.0,2,1,0,0,1,1,0,0,0,1,0,0,20
787,2,4,4,4,4,4,0.0,62,1.0,2,0,1,0,0,1,0,0,0,1,0,0,20
788,4,1,4,3,3,3,1.0,62,1.0,2,0,1,1,0,1,0,0,0,1,0,0,20
789,3,3,2,4,4,4,1.0,63,1.0,2,1,0,0,1,1,0,0,0,1,0,0,20
790,1,0,4,4,1,3,1.0,63,1.0,2,1,0,0,0,1,0,0,0,1,0,0,20
791,4,4,4,4,1,4,1.0,63,1.0,2,1,0,0,0,1,0,0,0,1,1,0,32
792,4,4,4,4,3,4,0.0,63,1.0,2,0,1,1,0,1,0,0,0,1,0,0,20
793,4,4,4,4,4,4,0.0,64,1.0,2,0,1,0,0,1,0,0,0,1,0,0,1
794,4,4,4,4,4,4,0.0,64,1.0,2,0,1,0,1,1,0,0,0,1,0,0,1
795,4,3,4,4,4,4,0.0,64,1.0,2,0,1,0,0,1,0,0,0,1,0,0,1
796,3,4,0,4,4,4,1.0,64,1.0,2,1,0,1,0,1,0,0,0,1,0,0,1
797,3,4,4,4,3,4,1.0,64,1.0,2,0,1,0,0,1,0,0,0,1,0,0,1
798,3,4,4,4,4,4,1.0,64,1.0,2,0,1,0,0,1,0,0,0,1,0,0,1
799,4,4,4,4,4,4,0.0,64,1.0,2,0,1,1,0,1,0,0,0,1,1,0,32
800,2,4,3,4,4,4,1.0,65,1.0,2,0,1,0,0,1,0,0,0,1,0,0,1
801,4,4,4,4,0,4,1.0,66,1.0,2,0,1,0,1,1,0,0,0,1,1,0,22
802,4,4,4,4,4,4,1.0,66,1.0,2,0,1,0,0,1,0,0,0,1,0,0,1
803,3,3,4,4,4,4,1.0,66,1.0,2,1,0,1,0,1,0,0,0,1,0,0,1
804,4,4,4,4,4,4,1.0,66,1.0,2,0,1,0,0,1,0,0,0,1,0,0,1
805,3,3,2,3,1,1,1.0,67,1.0,2,0,0,1,0,1,0,0,0,1,0,0,1
806,4,0,4,4,4,4,1.0,67,1.0,2,1,0,0,0,1,0,0,0,1,0,0,1
807,4,3,4,4,3,4,0.0,67,1.0,2,1,0,0,1,1,0,0,0,1,0,0,1
808,4,3,4,3,3,3,1.0,68,1.0,2,1,0,1,0,1,0,0,0,1,0,0,1
809,4,4,4,4,3,4,0.0,68,1.0,2,0,1,0,0,1,0,0,0,1,0,0,1
810,4,4,4,4,4,4,0.0,68,1.0,2,0,1,0,0,1,0,0,0,1,1,0,22
811,3,3,4,4,3,4,1.0,69,1.0,2,0,1,0,0,1,0,0,0,1,0,0,8
812,3,4,4,4,4,4,1.0,69,1.0,2,1,0,0,0,1,0,0,0,1,1,0,7
813,3,1,4,4,4,3,1.0,69,1.0,2,0,0,0,0,1,0,0,0,1,1,0,7
814,1,3,1,4,3,3,1.0,69,1.0,2,0,1,0,0,1,0,0,0,1,0,0,8
815,4,3,4,4,4,4,0.0,69,1.0,2,0,1,1,0,1,0,0,0,1,0,0,8
816,4,4,4,3,2,4,1.0,69,1.0,2,0,1,1,0,1,0,0,0,1,0,0,8
817,3,4,4,4,4,4,0.0,69,1.0,2,0,1,0,0,1,0,0,0,1,0,0,8
818,4,1,4,4,1,4,0.0,70,1.0,2,0,1,0,0,1,0,0,0,1,1,0,7
819,4,4,4,4,4,4,0.0,71,1.0,2,0,1,0,0,1,0,0,0,1,1,0,7
820,3,2,4,4,3,4,0.0,71,1.0,2,1,0,1,0,1,0,0,0,1,0,0,14
821,4,4,4,4,3,4,1.0,71,1.0,2,0,1,0,0,1,0,0,0,1,0,0,14
822,1,3,4,4,4,4,1.0,72,1.0,2,0,1,1,0,1,0,0,0,1,1,0,7
823,4,0,3,2,3,1,0.0,72,1.0,2,0,0,0,0,1,0,0,0,1,0,0,14
824,3,4,4,4,4,4,0.0,72,1.0,2,0,1,0,0,1,0,0,0,1,0,0,14
825,4,3,4,4,3,4,1.0,72,1.0,2,0,1,0,0,1,0,0,0,1,0,0,14
826,4,4,4,4,4,4,1.0,73,1.0,2,1,0,0,0,1,0,0,0,1,0,0,14
827,3,3,4,4,3,3,1.0,73,1.0,2,0,1,1,0,1,0,0,0,1,1,0,7
828,4,1,4,3,3,3,1.0,73,1.0,2,0,1,0,1,1,0,0,0,1,1,0,7
829,3,4,4,4,4,4,1.0,73,1.0,2,0,1,0,0,1,0,0,0,1,1,0,7
830,4,4,4,4,0,3,0.0,73,1.0,2,1,0,0,0,1,0,0,0,1,1,0,7
831,4,3,4,4,4,4,1.0,73,1.0,2,0,1,0,1,1,0,0,0,1,0,0,14
832,4,1,4,4,3,4,1.0,74,1.0,2,0,0,1,0,1,0,0,0,1,1,0,14
833,3,3,3,2,2,2,1.0,74,1.0,2,1,0,0,0,1,0,0,0,1,0,0,14
834,4,3,4,3,0,3,1.0,74,1.0,2,1,0,1,0,1,0,0,0,1,1,0,14
835,4,4,4,4,3,4,0.0,74,1.0,2,1,0,0,0,1,0,0,0,1,0,0,14
836,4,1,4,4,0,4,0.0,74,1.0,2,0,1,0,0,1,0,0,0,1,0,0,14
837,4,4,4,4,4,4,1.0,74,1.0,2,1,0,0,1,1,0,0,0,1,0,0,14
838,4,4,4,4,4,4,0.0,74,1.0,2,0,1,0,1,1,0,0,0,1,1,0,14
839,1,1,1,2,0,1,0.0,75,1.0,2,1,0,0,0,1,0,0,0,1,1,0,28
840,1,3,4,4,2,3,0.0,75,1.0,2,0,1,1,0,1,0,0,0,1,0,0,14
841,4,3,4,4,3,3,0.0,75,1.0,2,1,0,0,1,1,0,0,0,1,0,0,14
842,3,3,4,4,4,4,1.0,75,1.0,2,1,0,1,0,1,0,0,0,1,0,0,14
843,3,3,3,3,1,3,0.0,75,1.0,2,1,0,0,0,1,0,0,0,1,0,0,14
844,1,3,4,4,4,4,1.0,75,1.0,2,0,1,0,0,1,0,0,0,1,0,0,14
845,4,3,4,4,3,3,0.0,76,1.0,2,0,1,1,0,1,0,0,0,1,0,0,14
846,4,3,4,4,3,4,0.0,76,1.0,2,0,1,0,0,1,0,0,0,1,0,0,14
847,4,3,4,4,4,4,0.0,77,1.0,2,1,0,0,0,1,0,0,0,1,1,0,28
848,3,3,4,4,2,4,1.0,77,1.0,2,1,0,1,0,1,0,0,0,1,0,0,14
849,3,2,4,4,2,3,1.0,78,1.0,2,1,0,0,1,1,0,0,0,1,0,0,19
850,4,3,4,4,4,4,1.0,79,1.0,2,1,0,0,0,1,0,0,0,1,0,0,19
851,4,4,4,4,4,4,1.0,80,1.0,2,1,0,0,0,1,0,0,0,1,0,0,19
852,3,4,4,4,3,4,1.0,80,1.0,2,0,1,0,0,1,0,0,0,1,0,0,19
853,4,4,4,4,4,4,0.0,80,1.0,2,0,1,0,0,1,0,0,0,1,1,0,19
854,3,4,4,3,3,3,0.0,81,1.0,2,0,1,1,0,1,0,0,0,1,1,0,19
855,3,3,3,3,3,3,0.0,81,1.0,2,0,1,0,0,1,0,0,0,1,1,0,19
856,3,3,2,4,0,1,1.0,82,1.0,2,1,0,1,0,1,0,0,0,1,1,0,19
857,4,4,4,4,4,4,0.0,84,1.0,2,0,1,0,0,1,0,0,0,1,1,0,19
858,4,4,4,4,4,4,0.0,86,1.0,2,0,1,0,0,1,0,0,0,1,0,0,19
859,4,4,4,4,4,4,1.0,30,0.0,2,0,1,0,1,0,0,0,1,1,0,0,4
860,4,4,2,4,3,3,1.0,33,0.0,2,0,1,0,1,0,0,0,1,1,0,0,4
861,4,4,4,4,4,4,1.0,36,0.0,2,0,1,0,1,0,0,0,1,1,0,0,4
862,4,4,4,4,4,4,1.0,36,0.0,2,0,1,0,1,0,0,0,1,1,1,0,17
863,3,3,3,3,3,3,1.0,43,0.0,2,1,0,1,0,0,0,0,1,1,0,0,24
864,4,3,4,3,4,3,1.0,47,0.0,2,1,0,1,0,0,1,0,0,1,0,0,10
865,4,4,4,3,3,3,0.0,56,0.0,2,0,1,0,0,0,1,0,0,1,0,0,25
866,3,3,4,4,4,4,1.0,62,0.0,2,0,1,0,0,0,1,0,0,1,1,0,32
867,3,1,4,3,3,4,0.0,64,0.0,2,1,0,0,0,0,1,0,0,1,1,0,32
868,4,4,4,4,4,4,0.0,65,0.0,2,0,1,0,0,0,1,0,0,1,0,0,1
869,4,4,4,4,4,4,1.0,68,0.0,2,0,1,0,1,0,1,0,0,1,0,0,1
870,3,3,3,2,4,2,1.0,51,0.0,2,1,0,0,0,0,0,0,0,1,1,0,5
871,4,4,4,4,4,4,1.0,43,0.0,2,0,1,0,1,0,0,1,0,1,1,0,27
872,4,0,4,4,1,4,1.0,51,0.0,2,0,1,0,0,0,0,1,0,1,1,0,5
873,3,2,2,2,2,2,1.0,51,0.0,2,1,0,1,0,0,0,1,0,1,0,0,18
874,4,3,4,4,4,3,1.0,54,0.0,2,1,0,1,0,0,0,1,0,1,0,0,18
875,4,2,2,2,2,2,0.0,63,0.0,2,1,0,1,0,0,0,1,0,1,1,0,32
876,3,3,3,3,3,2,0.0,23,0.0,2,0,1,0,0,1,0,0,0,1,1,0,9
877,3,4,4,4,4,4,1.0,23,0.0,2,0,1,1,0,1,0,0,0,1,1,0,9
878,3,3,3,2,3,1,1.0,24,0.0,2,0,0,1,0,1,0,0,0,1,1,0,9
879,4,4,4,4,1,4,1.0,27,0.0,2,1,0,1,0,1,0,0,0,1,0,0,9
880,1,0,1,2,4,2,1.0,32,0.0,2,1,0,1,0,1,0,0,0,1,0,0,4
881,4,3,4,4,3,3,1.0,33,0.0,2,0,1,1,0,1,0,0,0,1,0,0,4
882,3,3,3,3,3,4,1.0,33,0.0,2,1,0,1,0,1,0,0,0,1,0,0,4
883,2,3,3,3,1,3,1.0,33,0.0,2,0,1,0,1,1,0,0,0,1,1,0,17
884,4,4,4,3,4,4,1.0,33,0.0,2,0,1,1,0,1,0,0,0,1,1,0,17
885,4,4,4,2,2,1,1.0,34,0.0,2,0,1,1,0,1,0,0,0,1,1,0,17
886,4,4,4,4,4,4,0.0,36,0.0,2,0,1,0,1,1,0,0,0,1,1,0,17
887,4,4,4,4,4,4,0.0,36,0.0,2,0,1,0,0,1,0,0,0,1,0,0,4
888,2,0,2,1,2,2,1.0,45,0.0,2,0,0,0,0,1,0,0,0,1,0,0,10
889,4,3,4,4,4,3,0.0,45,0.0,2,0,1,1,0,1,0,0,0,1,1,0,27
890,1,2,2,2,3,2,0.0,46,0.0,2,1,0,1,0,1,0,0,0,1,1,0,27
891,3,3,4,4,3,4,0.0,46,0.0,2,0,1,1,0,1,0,0,0,1,0,0,10
892,4,3,4,4,3,4,0.0,49,0.0,2,0,1,1,0,1,0,0,0,1,0,0,10
893,4,4,4,3,4,3,0.0,50,0.0,2,0,1,0,0,1,0,0,0,1,1,0,5
894,4,4,4,4,4,4,0.0,51,0.0,2,0,1,0,0,1,0,0,0,1,1,0,5
895,3,2,3,3,2,2,0.0,51,0.0,2,1,0,1,0,1,0,0,0,1,0,0,18
896,4,4,4,4,4,4,0.0,52,0.0,2,0,1,0,0,1,0,0,0,1,0,0,18
897,1,3,3,3,4,3,0.0,52,0.0,2,1,0,1,0,1,0,0,0,1,0,0,18
898,4,3,3,3,4,3,1.0,52,0.0,2,0,1,0,0,1,0,0,0,1,0,0,18
899,0,4,4,4,3,4,1.0,53,0.0,2,0,1,1,0,1,0,0,0,1,0,0,18
900,4,1,4,4,4,4,1.0,54,0.0,2,1,0,0,0,1,0,0,0,1,0,0,18
901,3,3,3,3,1,3,1.0,54,0.0,2,1,0,1,0,1,0,0,0,1,0,0,18
902,3,3,3,3,1,2,0.0,56,0.0,2,1,0,0,0,1,0,0,0,1,0,0,25
903,4,4,4,4,3,4,0.0,56,0.0,2,1,0,0,0,1,0,0,0,1,0,0,25
904,3,3,4,4,3,3,1.0,56,0.0,2,0,1,1,0,1,0,0,0,1,0,0,25
905,4,3,3,4,4,3,1.0,57,0.0,2,1,0,0,1,1,0,0,0,1,1,0,25
906,3,3,4,4,2,4,0.0,57,0.0,2,1,0,1,0,1,0,0,0,1,0,0,25
907,3,3,3,3,3,3,1.0,58,0.0,2,0,1,1,0,1,0,0,0,1,0,0,25
908,1,3,4,4,4,4,1.0,58,0.0,2,0,1,0,0,1,0,0,0,1,1,0,25
909,3,3,4,3,4,4,1.0,60,0.0,2,0,0,0,1,1,0,0,0,1,1,0,6
910,2,4,4,4,4,4,1.0,61,0.0,2,0,1,1,0,1,0,0,0,1,0,0,20
911,4,4,4,4,4,4,0.0,61,0.0,2,0,1,0,0,1,0,0,0,1,1,0,32
912,3,2,2,2,3,3,0.0,62,0.0,2,1,0,1,0,1,0,0,0,1,1,0,32
913,3,1,4,4,4,4,1.0,62,0.0,2,0,0,0,0,1,0,0,0,1,0,0,20
914,4,3,4,4,4,4,1.0,63,0.0,2,0,1,0,0,1,0,0,0,1,1,0,32
915,4,4,4,3,3,3,0.0,63,0.0,2,1,0,0,0,1,0,0,0,1,0,0,20
916,4,3,1,2,3,2,0.0,64,0.0,2,0,1,0,0,1,0,0,0,1,1,0,32
917,4,3,4,4,3,4,1.0,66,0.0,2,1,0,0,0,1,0,0,0,1,1,0,22
918,2,3,4,3,3,3,0.0,66,0.0,2,0,1,0,0,1,0,0,0,1,0,0,1
919,4,3,4,4,3,4,0.0,66,0.0,2,1,0,0,0,1,0,0,0,1,0,0,1
920,4,4,4,4,1,4,0.0,67,0.0,2,0,1,0,0,1,0,0,0,1,0,0,1
921,4,4,4,4,4,3,0.0,67,0.0,2,0,1,0,0,1,0,0,0,1,1,0,22
922,3,3,4,4,1,3,1.0,67,0.0,2,0,1,0,0,1,0,0,0,1,1,0,22
923,1,0,3,1,2,2,1.0,67,0.0,2,1,0,1,0,1,0,0,0,1,1,0,22
924,4,1,4,4,4,4,0.0,67,0.0,2,1,0,0,0,1,0,0,0,1,1,0,22
925,3,3,4,4,3,4,1.0,67,0.0,2,0,1,1,0,1,0,0,0,1,1,0,22
926,4,4,4,4,4,4,0.0,68,0.0,2,0,1,0,0,1,0,0,0,1,1,0,22
927,4,4,4,4,4,4,0.0,69,0.0,2,0,1,0,0,1,0,0,0,1,0,0,8
928,4,1,4,4,4,4,0.0,69,0.0,2,0,0,1,0,1,0,0,0,1,1,0,7
929,2,1,4,4,4,3,0.0,69,0.0,2,1,0,1,0,1,0,0,0,1,1,0,7
930,4,4,4,4,4,4,1.0,69,0.0,2,0,1,0,1,1,0,0,0,1,1,0,7
931,4,4,4,4,4,4,1.0,70,0.0,2,0,1,0,0,1,0,0,0,1,0,0,7
932,3,4,4,4,4,4,0.0,70,0.0,2,1,0,0,0,1,0,0,0,1,1,0,7
933,4,1,4,4,3,4,1.0,70,0.0,2,0,1,0,0,1,0,0,0,1,0,0,7
934,3,4,4,4,4,4,1.0,71,0.0,2,1,0,1,0,1,0,0,0,1,1,0,7
935,3,4,0,4,4,4,1.0,71,0.0,2,0,1,0,0,1,0,0,0,1,0,0,14
936,3,3,3,3,2,3,1.0,71,0.0,2,1,0,0,0,1,0,0,0,1,1,0,7
937,4,3,4,4,3,4,1.0,71,0.0,2,1,0,1,0,1,0,0,0,1,0,0,14
938,3,3,3,3,3,3,1.0,72,0.0,2,0,1,0,1,1,0,0,0,1,0,0,14
939,4,3,4,4,4,4,1.0,72,0.0,2,1,0,1,0,1,0,0,0,1,1,0,7
940,4,4,4,4,3,3,0.0,72,0.0,2,0,1,0,1,1,0,0,0,1,0,0,14
941,3,4,4,4,4,4,0.0,72,0.0,2,0,1,1,0,1,0,0,0,1,0,0,14
942,4,0,4,4,3,4,1.0,73,0.0,2,0,0,0,1,1,0,0,0,1,0,0,14
943,4,4,4,4,4,4,0.0,73,0.0,2,1,0,0,0,1,0,0,0,1,0,0,14
944,4,3,4,4,3,4,1.0,74,0.0,2,1,0,0,0,1,0,0,0,1,1,0,14
945,4,4,4,4,4,4,0.0,74,0.0,2,0,1,0,0,1,0,0,0,1,0,0,14
946,1,1,2,2,3,2,0.0,76,0.0,2,1,0,0,0,1,0,0,0,1,0,0,14
947,4,4,4,4,1,4,1.0,78,0.0,2,0,0,0,0,1,0,0,0,1,1,0,19
948,4,4,4,4,4,4,1.0,78,0.0,2,0,1,0,1,1,0,0,0,1,0,0,19
949,3,1,3,3,3,3,1.0,79,0.0,2,1,0,0,0,1,0,0,0,1,1,0,19
950,4,2,2,3,4,3,1.0,81,0.0,2,1,0,0,1,1,0,0,0,1,1,0,19
951,4,3,4,4,0,4,0.0,83,0.0,2,0,1,0,0,1,0,0,0,1,0,0,19
952,4,3,3,2,3,3,1.0,65,0.0,2,1,0,0,0,1,0,0,0,1,0,1,1
953,0,0,0,0,0,0,1.0,31,1.0,0,1,0,0,1,0,0,0,1,1,0,0,4
954,0,0,0,0,0,0,1.0,31,1.0,0,0,0,1,0,0,0,0,0,1,1,0,26
955,1,2,1,1,1,1,1.0,23,1.0,0,0,0,1,0,1,0,0,0,1,1,0,9
956,1,1,0,0,3,0,1.0,25,1.0,0,0,0,1,0,1,0,0,0,1,1,0,9
957,3,1,3,1,3,1,0.0,34,1.0,0,0,0,1,0,1,0,0,0,1,0,0,4
958,4,3,3,2,4,4,0.0,36,1.0,0,0,1,0,1,1,0,0,0,1,1,0,17
959,0,0,0,0,0,0,0.0,36,1.0,0,1,0,0,0,1,0,0,0,1,0,1,4
960,0,0,0,0,0,0,0.0,36,1.0,0,1,0,0,0,1,0,0,0,1,0,1,4
961,3,1,0,0,4,0,1.0,42,1.0,0,0,0,0,0,1,0,0,0,1,0,0,24
962,4,2,2,2,2,3,1.0,50,1.0,0,0,1,0,1,1,0,0,0,1,0,1,21
963,0,1,2,2,3,2,1.0,53,1.0,0,0,0,1,0,1,0,0,0,1,1,0,5
964,0,0,0,0,0,0,0.0,53,1.0,0,0,0,1,0,1,0,0,0,1,1,0,5
965,0,0,0,0,0,0,0.0,53,1.0,0,0,0,1,0,1,0,0,0,1,1,0,5
966,0,0,0,0,0,0,0.0,54,1.0,0,0,0,0,0,1,0,0,0,1,0,0,18
967,0,0,0,0,0,0,0.0,55,1.0,0,0,0,1,0,1,0,0,0,1,1,0,5
968,3,3,4,1,1,2,1.0,55,1.0,0,1,0,1,0,1,0,0,0,1,1,0,5
969,1,0,0,2,2,4,0.0,59,1.0,0,0,0,1,0,1,0,0,0,1,1,0,6
970,3,2,3,3,3,3,1.0,62,1.0,0,1,0,1,0,1,0,0,0,1,0,0,20
971,1,0,2,1,0,1,1.0,64,1.0,0,0,0,0,0,1,0,0,0,1,1,0,32
972,3,3,3,2,1,2,1.0,65,1.0,0,1,0,1,0,1,0,0,0,1,1,0,22
973,1,2,1,1,2,1,0.0,72,1.0,0,1,0,0,0,1,0,0,0,1,1,0,7
974,1,0,0,0,0,0,1.0,72,1.0,0,0,0,0,0,1,0,0,0,1,0,0,14
975,0,0,0,0,0,0,0.0,72,1.0,0,0,0,0,0,1,0,0,0,1,0,0,14
976,0,0,0,1,1,0,1.0,75,1.0,0,0,0,1,0,1,0,0,0,1,0,0,14
977,1,0,0,0,2,0,1.0,80,1.0,0,0,0,1,0,1,0,0,0,1,1,0,19
978,0,0,0,0,2,0,1.0,28,0.0,0,0,0,1,0,0,0,1,0,1,0,1,12
979,3,3,1,2,3,2,0.0,30,0.0,0,1,0,1,0,0,0,1,0,1,0,1,4
980,3,3,2,3,3,3,1.0,52,0.0,0,1,0,0,0,0,0,1,0,1,1,0,5
981,2,0,1,1,2,1,1.0,29,0.0,0,0,0,1,0,1,0,0,0,1,1,0,12
982,0,0,2,0,0,0,0.0,33,0.0,0,0,0,0,0,1,0,0,0,1,0,0,4
983,3,3,3,2,1,1,1.0,38,0.0,0,1,0,1,0,1,0,0,0,1,0,0,24
984,1,0,1,2,3,1,1.0,41,0.0,0,0,0,1,0,1,0,0,0,1,0,0,24
985,3,3,3,2,1,1,1.0,43,0.0,0,1,0,1,0,1,0,0,0,1,1,0,27
986,1,1,2,1,4,2,1.0,45,0.0,0,0,0,1,0,1,0,0,0,1,1,0,27
987,1,0,0,0,0,0,0.0,47,0.0,0,1,0,1,0,1,0,0,0,1,0,0,10
988,4,0,1,0,1,0,1.0,49,0.0,0,0,0,0,0,1,0,0,0,1,1,0,13
989,3,1,2,2,1,2,1.0,51,0.0,0,1,0,1,0,1,0,0,0,1,1,0,5
990,4,3,4,3,4,4,1.0,51,0.0,0,0,1,0,1,1,0,0,0,1,1,0,5
991,0,0,0,0,0,0,0.0,52,0.0,0,0,0,0,0,1,0,0,0,1,1,0,5
992,0,0,0,0,0,0,1.0,53,0.0,0,0,0,0,0,1,0,0,0,1,0,1,21
993,1,0,0,0,2,0,1.0,54,0.0,0,0,0,1,0,1,0,0,0,1,1,0,5
994,1,0,0,0,0,0,0.0,55,0.0,0,0,0,0,0,1,0,0,0,1,0,0,25
995,1,0,0,0,0,0,1.0,58,0.0,0,0,0,1,0,1,0,0,0,1,1,0,25
996,0,0,0,1,0,1,0.0,62,0.0,0,0,0,0,0,1,0,0,0,1,1,0,32
997,1,2,1,1,2,1,1.0,64,0.0,0,1,0,0,1,1,0,0,0,1,0,0,1
998,0,0,0,0,0,0,1.0,64,0.0,0,0,0,1,0,1,0,0,0,1,0,0,1
999,3,0,3,2,1,3,1.0,71,0.0,0,1,0,1,0,1,0,0,0,1,1,0,7
1000,0,0,0,0,0,0,0.0,40,0.0,0,1,0,0,0,1,0,0,0,1,0,1,24
