No.,covid_threat,covid_preventable_by_vax,risk_of_covid_greater_than_vax,vaccine_safe_to_me,trust_government,trust_science,have_covid_sick_family_member,age,gender,choice_idx,vax_protect_long_unsure,vax_protect_long_yes,less_attention_to_vax_info,more_attention_to_vax_info,grp_none,nurse,healthcare_worker,physician,have_university_degree,income_below_median,income_unknown
1,2,3,3,3,4,3,1.0,24,1.0,1,0,1,0,1,0,0,0,1,0,0,0
2,4,4,3,4,3,4,1.0,27,1.0,1,0,1,0,1,0,0,0,1,0,0,0
3,3,3,4,1,3,3,1.0,29,1.0,1,0,1,1,0,0,0,0,1,0,0,0
4,4,4,4,3,2,3,1.0,34,1.0,1,0,1,0,1,0,0,0,1,0,0,0
5,4,4,4,4,4,4,1.0,36,1.0,1,0,1,0,1,0,0,0,1,0,0,0
6,4,4,4,4,4,4,1.0,40,1.0,1,0,1,0,1,0,0,0,1,0,0,0
7,4,4,4,4,4,3,1.0,33,1.0,1,0,1,0,1,0,1,0,0,0,0,0
8,4,3,4,3,4,4,1.0,54,1.0,1,0,1,0,1,0,1,0,0,0,1,0
9,1,3,2,1,2,1,1.0,20,1.0,1,0,1,0,0,0,0,1,0,0,0,0
10,4,4,4,4,4,4,1.0,28,1.0,1,0,1,1,0,0,0,1,0,0,0,0
11,4,4,4,4,4,4,0.0,53,1.0,1,0,1,0,1,0,0,1,0,0,1,0
12,3,2,1,3,3,3,1.0,20,1.0,1,0,1,1,0,1,0,0,0,0,0,1
13,4,4,4,4,4,4,1.0,22,1.0,1,0,1,0,0,1,0,0,0,0,0,0
14,4,4,4,4,4,4,1.0,27,1.0,1,0,0,0,0,1,0,0,0,0,0,1
15,4,4,4,4,4,4,0.0,27,1.0,1,0,1,0,1,1,0,0,0,0,0,0
16,4,3,4,3,3,3,0.0,28,1.0,1,1,0,1,0,1,0,0,0,0,1,0
17,4,4,3,4,4,4,1.0,41,1.0,1,0,1,0,1,1,0,0,0,0,0,0
18,3,4,4,4,3,3,1.0,43,1.0,1,0,0,0,0,1,0,0,0,0,1,0
19,4,4,4,4,4,4,0.0,43,1.0,1,0,1,0,0,1,0,0,0,0,0,1
20,3,3,4,2,3,2,1.0,48,1.0,1,0,1,0,1,1,0,0,0,0,1,0
21,4,4,4,4,4,4,0.0,53,1.0,1,0,0,0,0,1,0,0,0,0,0,0
22,3,1,2,2,1,1,0.0,62,1.0,1,0,1,0,1,1,0,0,0,0,0,0
23,4,4,4,4,4,4,1.0,24,0.0,1,0,1,0,1,0,0,0,1,0,0,0
24,4,2,4,4,4,4,1.0,25,0.0,1,0,1,0,1,0,0,0,1,0,0,0
25,4,2,2,3,3,4,1.0,29,0.0,1,0,1,0,1,0,0,0,1,0,0,0
26,4,4,4,4,4,3,1.0,41,0.0,1,1,0,0,1,0,0,0,1,0,0,0
27,4,4,4,4,4,4,1.0,49,0.0,1,0,1,0,1,0,0,0,1,0,0,0
28,4,4,4,4,4,4,1.0,76,0.0,1,0,1,0,1,0,0,0,1,0,0,0
29,3,1,1,1,4,0,0.0,36,0.0,1,1,0,0,1,0,1,0,0,0,1,0
30,4,2,4,2,4,4,1.0,48,0.0,1,0,1,0,1,0,1,0,0,0,1,0
31,4,4,4,4,4,4,1.0,18,0.0,1,1,0,0,1,0,0,0,0,0,0,1
32,2,0,1,2,2,1,1.0,21,0.0,1,0,0,1,0,0,0,0,0,0,1,0
33,4,4,4,2,3,4,1.0,46,0.0,1,0,0,0,1,0,0,0,0,0,0,0
34,2,4,4,3,4,4,1.0,47,0.0,1,1,0,0,0,0,0,0,0,0,1,0
35,3,4,3,4,3,2,0.0,32,0.0,1,0,0,0,1,0,0,1,0,0,0,0
36,3,2,3,4,3,1,1.0,20,0.0,1,1,0,1,0,1,0,0,0,0,0,0
37,4,1,3,2,2,3,1.0,21,0.0,1,0,0,1,0,1,0,0,0,0,1,0
38,4,4,4,4,0,3,1.0,22,0.0,1,0,1,1,0,1,0,0,0,0,0,0
39,0,4,4,4,4,4,1.0,23,0.0,1,0,1,0,1,1,0,0,0,0,1,0
40,4,2,2,2,2,2,0.0,24,0.0,1,1,0,1,0,1,0,0,0,0,1,0
41,4,3,4,4,4,3,0.0,30,0.0,1,0,1,0,1,1,0,0,0,0,1,0
42,4,0,3,2,4,0,0.0,32,0.0,1,0,0,1,0,1,0,0,0,0,1,0
43,4,4,3,4,4,4,0.0,33,0.0,1,0,1,0,1,1,0,0,0,0,1,0
44,4,4,3,4,4,3,1.0,36,0.0,1,0,1,1,0,1,0,0,0,0,0,1
45,4,2,4,4,4,2,1.0,37,0.0,1,0,1,0,1,1,0,0,0,0,1,0
46,3,2,3,1,3,2,1.0,37,0.0,1,1,0,1,0,1,0,0,0,0,1,0
47,3,4,1,4,4,4,0.0,42,0.0,1,0,1,0,1,1,0,0,0,0,0,0
48,4,4,4,4,4,4,0.0,48,0.0,1,0,1,0,1,1,0,0,0,0,0,1
49,3,3,3,1,2,1,1.0,59,0.0,1,0,0,1,0,1,0,0,0,0,1,0
50,4,2,3,2,2,2,1.0,60,0.0,1,1,0,0,0,1,0,0,0,0,1,0
51,4,2,2,2,2,2,1.0,62,0.0,1,1,0,0,0,1,0,0,0,0,1,0
52,4,2,2,2,3,2,1.0,76,0.0,1,0,0,0,1,1,0,0,0,0,1,0
53,3,4,3,4,3,4,1.0,25,1.0,1,0,0,0,1,0,0,0,1,0,0,1
54,3,3,4,3,3,3,1.0,25,1.0,1,0,1,0,1,0,1,0,0,0,0,0
55,4,3,3,2,2,2,1.0,18,1.0,1,0,1,0,1,0,0,1,0,0,0,0
56,4,3,4,4,4,3,1.0,35,1.0,1,0,1,0,0,0,0,1,0,0,1,0
57,3,1,4,3,1,2,1.0,18,1.0,1,0,0,1,0,1,0,0,0,0,0,0
58,4,4,3,4,4,4,0.0,20,1.0,1,0,1,1,0,1,0,0,0,0,0,0
59,4,4,4,4,4,4,1.0,22,1.0,1,1,0,1,0,1,0,0,0,0,0,0
60,1,3,3,2,3,3,0.0,27,1.0,1,0,0,0,0,1,0,0,0,0,0,0
61,4,3,4,3,3,3,1.0,28,1.0,1,0,1,0,0,1,0,0,0,0,1,0
62,3,3,3,3,3,3,1.0,29,1.0,1,1,0,0,0,1,0,0,0,0,1,0
63,4,3,4,4,4,4,1.0,29,1.0,1,0,1,0,1,1,0,0,0,0,1,0
64,4,4,4,3,4,3,0.0,29,1.0,1,1,0,1,0,1,0,0,0,0,0,1
65,2,2,2,1,1,1,0.0,30,1.0,1,1,0,0,0,1,0,0,0,0,1,0
66,4,4,4,4,4,4,1.0,31,1.0,1,0,1,1,0,1,0,0,0,0,1,0
67,4,4,4,4,4,4,1.0,33,1.0,1,0,0,0,1,1,0,0,0,0,0,0
68,3,3,4,4,2,3,1.0,34,1.0,1,0,1,0,1,1,0,0,0,0,1,0
69,3,3,2,2,1,1,1.0,37,1.0,1,1,0,1,0,1,0,0,0,0,1,0
70,4,4,4,4,3,4,0.0,43,1.0,1,0,1,0,1,1,0,0,0,0,0,1
71,2,2,2,2,2,2,0.0,44,1.0,1,1,0,0,1,1,0,0,0,0,0,1
72,4,4,4,4,4,4,1.0,52,1.0,1,0,0,0,1,1,0,0,0,0,0,0
73,4,4,4,4,4,4,1.0,54,1.0,1,0,1,0,1,1,0,0,0,0,0,0
74,3,3,3,3,3,3,1.0,54,1.0,1,1,0,0,1,1,0,0,0,0,0,0
75,3,3,4,3,4,3,0.0,55,1.0,1,0,1,1,0,1,0,0,0,0,1,0
76,1,1,1,1,4,3,1.0,56,1.0,1,0,0,1,0,1,0,0,0,0,0,0
77,4,3,4,3,4,4,1.0,57,1.0,1,0,1,0,1,1,0,0,0,0,1,0
78,4,4,2,3,4,4,0.0,58,1.0,1,0,1,0,1,1,0,0,0,0,1,0
79,4,4,2,4,4,4,0.0,58,1.0,1,0,1,0,1,1,0,0,0,0,0,1
80,4,4,4,4,4,4,0.0,59,1.0,1,0,1,0,1,1,0,0,0,0,0,0
81,3,4,1,4,4,4,1.0,60,1.0,1,1,0,0,0,1,0,0,0,0,1,0
82,2,4,4,4,4,4,1.0,60,1.0,1,1,0,0,1,1,0,0,0,0,1,0
83,3,4,3,4,3,4,0.0,61,1.0,1,1,0,1,0,1,0,0,0,0,1,0
84,2,1,0,2,0,0,1.0,61,1.0,1,1,0,0,0,1,0,0,0,0,1,0
85,4,4,4,4,3,4,0.0,61,1.0,1,0,1,1,0,1,0,0,0,0,1,0
86,2,1,2,2,2,1,1.0,64,1.0,1,1,0,0,0,1,0,0,0,0,1,0
87,4,3,3,3,2,3,1.0,66,1.0,1,0,1,1,0,1,0,0,0,0,1,0
88,3,3,4,3,3,3,0.0,66,1.0,1,1,0,1,0,1,0,0,0,0,1,0
89,4,4,4,4,4,4,0.0,66,1.0,1,0,1,0,0,1,0,0,0,0,1,0
90,0,0,0,0,0,0,0.0,67,1.0,1,0,0,1,0,1,0,0,0,0,1,0
91,4,2,2,2,3,3,1.0,68,1.0,1,0,0,0,1,1,0,0,0,0,0,1
92,4,4,4,4,4,4,1.0,69,1.0,1,1,0,0,1,1,0,0,0,0,0,0
93,3,1,3,4,4,3,1.0,70,1.0,1,1,0,1,0,1,0,0,0,0,0,0
94,4,3,4,4,3,3,0.0,74,1.0,1,1,0,0,0,1,0,0,0,0,1,0
95,4,3,1,3,3,3,0.0,76,1.0,1,1,0,0,1,1,0,0,0,0,1,0
96,4,3,4,4,4,3,1.0,22,0.0,1,1,0,0,1,0,0,0,1,0,0,0
97,3,3,3,3,3,3,1.0,25,0.0,1,0,1,0,1,0,0,0,1,0,0,0
98,3,3,3,3,3,3,1.0,31,0.0,1,0,1,0,1,0,0,0,1,0,1,0
99,3,2,2,2,3,3,1.0,58,0.0,1,1,0,0,1,0,0,0,1,0,0,1
100,3,3,3,2,3,3,1.0,26,0.0,1,0,1,1,0,0,1,0,0,0,0,0
101,3,3,4,1,3,4,1.0,29,0.0,1,0,1,1,0,0,1,0,0,0,0,0
102,4,3,4,4,4,3,1.0,44,0.0,1,0,1,0,1,0,1,0,0,0,0,0
103,3,3,2,4,3,3,0.0,25,0.0,1,0,1,0,1,0,0,0,0,0,0,0
104,3,3,3,3,4,3,0.0,50,0.0,1,0,1,0,1,0,0,0,0,0,1,0
105,4,3,3,4,4,3,1.0,24,0.0,1,0,1,1,0,0,0,1,0,0,0,0
106,4,2,3,3,3,1,1.0,25,0.0,1,1,0,0,0,0,0,1,0,0,1,0
107,4,3,3,3,1,3,1.0,29,0.0,1,0,1,0,1,0,0,1,0,0,1,0
108,3,3,3,3,3,3,1.0,31,0.0,1,1,0,1,0,0,0,1,0,0,1,0
109,3,2,2,1,3,1,0.0,38,0.0,1,0,1,1,0,0,0,1,0,0,1,0
110,4,1,4,2,1,2,1.0,42,0.0,1,1,0,1,0,0,0,1,0,0,1,0
111,3,4,4,4,3,4,0.0,43,0.0,1,1,0,1,0,0,0,1,0,0,1,0
112,4,3,4,3,3,3,1.0,43,0.0,1,0,1,0,1,0,0,1,0,0,1,0
113,4,4,4,4,4,4,1.0,49,0.0,1,0,1,0,1,0,0,1,0,0,1,0
114,4,3,3,4,3,2,1.0,18,0.0,1,0,0,0,0,1,0,0,0,0,1,0
115,2,2,2,2,2,2,0.0,20,0.0,1,1,0,1,0,1,0,0,0,0,0,1
116,4,3,4,4,3,4,1.0,20,0.0,1,0,1,0,0,1,0,0,0,0,1,0
117,3,4,4,4,4,4,1.0,21,0.0,1,0,1,0,0,1,0,0,0,0,0,0
118,4,3,4,3,1,2,0.0,21,0.0,1,1,0,1,0,1,0,0,0,0,1,0
119,3,4,2,3,4,3,0.0,22,0.0,1,0,1,0,1,1,0,0,0,0,0,0
120,3,3,4,3,3,4,1.0,22,0.0,1,0,0,1,0,1,0,0,0,0,1,0
121,4,4,4,4,4,4,0.0,22,0.0,1,0,1,0,1,1,0,0,0,0,0,0
122,4,3,3,4,4,4,1.0,22,0.0,1,0,1,0,1,1,0,0,0,0,0,0
123,4,4,4,4,4,4,1.0,22,0.0,1,1,0,1,0,1,0,0,0,0,0,1
124,4,4,4,4,4,4,0.0,22,0.0,1,0,1,0,1,1,0,0,0,0,1,0
125,3,2,2,2,2,2,1.0,25,0.0,1,0,0,1,0,1,0,0,0,0,0,0
126,4,4,4,4,3,3,1.0,25,0.0,1,0,1,0,1,1,0,0,0,0,0,0
127,4,3,4,4,3,4,1.0,25,0.0,1,0,1,1,0,1,0,0,0,0,1,0
128,4,4,4,4,4,4,0.0,25,0.0,1,0,1,0,0,1,0,0,0,0,1,0
129,4,4,4,4,4,4,1.0,27,0.0,1,0,1,0,0,1,0,0,0,0,1,0
130,2,1,1,0,0,0,0.0,27,0.0,1,0,0,0,0,1,0,0,0,0,1,0
131,3,4,4,4,4,3,1.0,27,0.0,1,0,1,0,0,1,0,0,0,0,0,0
132,4,1,4,3,4,3,1.0,28,0.0,1,1,0,0,1,1,0,0,0,0,0,0
133,4,1,2,2,3,2,1.0,28,0.0,1,1,0,0,0,1,0,0,0,0,1,0
134,1,3,2,4,2,1,1.0,28,0.0,1,0,1,1,0,1,0,0,0,0,1,0
135,4,4,4,4,3,4,0.0,29,0.0,1,0,1,1,0,1,0,0,0,0,1,0
136,4,4,4,4,4,4,1.0,29,0.0,1,0,1,0,0,1,0,0,0,0,0,0
137,3,3,2,3,4,1,1.0,30,0.0,1,0,0,0,0,1,0,0,0,0,1,0
138,0,4,3,4,4,4,0.0,33,0.0,1,0,1,0,1,1,0,0,0,0,0,1
139,3,3,2,3,3,3,1.0,35,0.0,1,0,1,0,1,1,0,0,0,0,1,0
140,4,1,3,3,4,4,1.0,35,0.0,1,1,0,0,0,1,0,0,0,0,1,0
141,1,1,3,3,3,3,0.0,35,0.0,1,1,0,0,0,1,0,0,0,0,1,0
142,2,1,3,2,2,2,1.0,37,0.0,1,0,0,1,0,1,0,0,0,0,0,0
143,3,3,4,4,2,4,1.0,37,0.0,1,0,1,1,0,1,0,0,0,0,0,1
144,4,0,4,2,2,1,0.0,37,0.0,1,1,0,0,0,1,0,0,0,0,1,0
145,4,3,4,3,3,3,1.0,38,0.0,1,0,1,1,0,1,0,0,0,0,1,0
146,4,0,2,2,2,3,1.0,40,0.0,1,0,0,0,0,1,0,0,0,0,1,0
147,3,4,4,4,4,2,1.0,41,0.0,1,0,1,0,1,1,0,0,0,0,1,0
148,4,4,2,2,2,3,0.0,42,0.0,1,0,1,1,0,1,0,0,0,0,0,1
149,4,2,3,3,3,2,1.0,42,0.0,1,1,0,0,1,1,0,0,0,0,1,0
150,4,4,4,4,4,4,1.0,42,0.0,1,0,1,0,1,1,0,0,0,0,1,0
151,4,4,3,2,3,3,1.0,43,0.0,1,0,1,0,0,1,0,0,0,0,1,0
152,4,4,4,4,4,4,1.0,44,0.0,1,0,1,0,1,1,0,0,0,0,1,0
153,3,3,3,2,3,2,1.0,44,0.0,1,0,1,0,0,1,0,0,0,0,1,0
154,3,1,3,3,3,1,1.0,45,0.0,1,1,0,1,0,1,0,0,0,0,0,0
155,4,4,4,4,4,4,0.0,45,0.0,1,0,1,0,0,1,0,0,0,0,0,0
156,4,4,3,3,4,4,0.0,46,0.0,1,0,1,0,1,1,0,0,0,0,1,0
157,3,3,3,3,3,3,1.0,47,0.0,1,0,1,0,1,1,0,0,0,0,0,0
158,3,2,2,2,2,3,1.0,47,0.0,1,0,1,0,0,1,0,0,0,0,0,0
159,3,4,3,3,3,3,1.0,50,0.0,1,1,0,1,0,1,0,0,0,0,1,0
160,2,0,1,1,0,0,1.0,51,0.0,1,0,0,0,0,1,0,0,0,0,1,0
161,4,4,2,4,2,2,0.0,51,0.0,1,1,0,0,1,1,0,0,0,0,0,0
162,4,3,2,2,3,2,1.0,51,0.0,1,1,0,0,0,1,0,0,0,0,0,0
163,4,4,4,4,4,4,1.0,51,0.0,1,0,1,0,1,1,0,0,0,0,0,1
164,4,0,4,4,4,4,1.0,52,0.0,1,0,1,0,1,1,0,0,0,0,0,0
165,4,4,3,3,2,3,1.0,52,0.0,1,0,1,0,0,1,0,0,0,0,1,0
166,4,4,4,4,3,3,1.0,52,0.0,1,0,1,0,1,1,0,0,0,0,0,0
167,4,3,4,4,2,3,1.0,53,0.0,1,1,0,0,1,1,0,0,0,0,1,0
168,3,4,2,3,3,2,1.0,53,0.0,1,0,1,0,1,1,0,0,0,0,1,0
169,3,3,2,2,2,1,1.0,53,0.0,1,1,0,1,0,1,0,0,0,0,1,0
170,4,1,4,4,3,4,1.0,54,0.0,1,0,1,1,0,1,0,0,0,0,0,1
171,4,3,4,3,4,3,1.0,54,0.0,1,1,0,1,0,1,0,0,0,0,1,0
172,4,3,3,1,4,4,0.0,54,0.0,1,1,0,0,0,1,0,0,0,0,1,0
173,4,3,3,4,4,4,1.0,55,0.0,1,0,1,1,0,1,0,0,0,0,1,0
174,4,1,2,1,1,1,1.0,56,0.0,1,1,0,0,0,1,0,0,0,0,1,0
175,4,3,3,3,3,3,1.0,56,0.0,1,1,0,1,0,1,0,0,0,0,1,0
176,3,1,3,3,2,3,1.0,56,0.0,1,0,1,1,0,1,0,0,0,0,1,0
177,3,1,2,2,3,1,1.0,58,0.0,1,1,0,1,0,1,0,0,0,0,1,0
178,1,1,3,2,1,3,1.0,58,0.0,1,0,0,1,0,1,0,0,0,0,1,0
179,4,4,4,4,4,4,0.0,58,0.0,1,0,1,0,0,1,0,0,0,0,1,0
180,4,4,4,4,4,4,0.0,58,0.0,1,0,1,0,1,1,0,0,0,0,1,0
181,4,2,3,3,3,3,1.0,59,0.0,1,1,0,1,0,1,0,0,0,0,0,0
182,4,0,0,4,2,2,1.0,59,0.0,1,0,0,1,0,1,0,0,0,0,1,0
183,4,3,0,3,3,4,0.0,59,0.0,1,1,0,0,0,1,0,0,0,0,0,1
184,1,4,1,3,1,3,1.0,60,0.0,1,0,1,0,0,1,0,0,0,0,1,0
185,4,4,3,3,3,3,0.0,61,0.0,1,0,1,0,1,1,0,0,0,0,1,0
186,3,4,2,4,4,4,0.0,62,0.0,1,0,1,0,1,1,0,0,0,0,0,1
187,4,2,4,3,4,4,1.0,64,0.0,1,1,0,0,1,1,0,0,0,0,1,0
188,3,0,2,2,2,1,1.0,65,0.0,1,0,0,0,0,1,0,0,0,0,1,0
189,1,0,3,2,3,3,1.0,65,0.0,1,1,0,1,0,1,0,0,0,0,1,0
190,0,1,1,2,3,1,1.0,68,0.0,1,0,0,0,0,1,0,0,0,0,1,0
191,4,3,4,4,3,4,1.0,70,0.0,1,1,0,0,0,1,0,0,0,0,0,0
192,3,3,4,3,2,2,0.0,72,0.0,1,1,0,0,0,1,0,0,0,0,1,0
193,4,3,2,3,2,1,0.0,72,0.0,1,1,0,0,0,1,0,0,0,0,0,0
194,3,4,3,3,3,3,1.0,73,0.0,1,0,1,1,0,1,0,0,0,0,1,0
195,4,1,4,4,3,3,1.0,74,0.0,1,1,0,0,0,1,0,0,0,0,1,0
196,1,1,3,3,2,3,1.0,75,0.0,1,0,1,0,0,1,0,0,0,0,0,0
197,4,3,4,4,3,4,1.0,23,0.0,1,1,0,0,0,1,0,0,0,0,0,1
198,4,1,3,3,4,1,1.0,28,1.0,2,0,1,0,1,0,0,0,1,0,1,0
199,4,4,4,4,4,4,1.0,22,1.0,2,0,1,0,1,0,1,0,0,0,0,0
200,4,0,4,0,0,0,1.0,70,1.0,2,0,0,0,1,0,1,0,0,0,0,0
201,3,3,2,3,3,2,1.0,20,1.0,2,0,1,1,0,0,0,0,0,0,0,0
202,4,4,4,4,4,4,1.0,59,1.0,2,0,1,0,1,0,0,0,0,0,0,0
203,4,3,3,3,3,3,1.0,59,1.0,2,0,1,0,1,0,0,1,0,0,1,0
204,3,3,4,3,3,2,1.0,19,1.0,2,0,0,1,0,1,0,0,0,0,0,0
205,4,4,4,4,0,4,1.0,20,1.0,2,1,0,1,0,1,0,0,0,0,0,1
206,4,3,2,2,2,2,0.0,20,1.0,2,1,0,0,0,1,0,0,0,0,0,1
207,3,3,3,3,3,3,1.0,21,1.0,2,0,1,0,0,1,0,0,0,0,0,0
208,4,4,4,4,4,4,1.0,22,1.0,2,0,1,0,1,1,0,0,0,0,1,0
209,2,1,3,2,0,2,1.0,35,1.0,2,0,0,1,0,1,0,0,0,0,1,0
210,4,4,4,4,4,4,1.0,35,1.0,2,0,1,0,1,1,0,0,0,0,0,0
211,0,0,0,0,0,0,1.0,36,1.0,2,0,0,1,0,1,0,0,0,0,0,0
212,4,1,4,4,0,4,0.0,37,1.0,2,0,0,0,0,1,0,0,0,0,0,1
213,0,4,0,4,2,4,0.0,44,1.0,2,0,1,1,0,1,0,0,0,0,1,0
214,4,4,4,4,4,3,1.0,47,1.0,2,0,1,0,1,1,0,0,0,0,1,0
215,4,4,4,4,4,4,1.0,47,1.0,2,1,0,0,0,1,0,0,0,0,0,0
216,4,4,4,3,3,4,0.0,50,1.0,2,1,0,0,0,1,0,0,0,0,0,0
217,4,4,3,4,4,4,1.0,51,1.0,2,0,1,0,1,1,0,0,0,0,1,0
218,4,3,2,4,4,3,1.0,51,1.0,2,1,0,0,0,1,0,0,0,0,1,0
219,4,4,4,4,3,4,1.0,51,1.0,2,1,0,0,0,1,0,0,0,0,1,0
220,4,0,4,3,4,3,0.0,52,1.0,2,0,1,0,0,1,0,0,0,0,1,0
221,4,4,4,4,4,4,0.0,52,1.0,2,0,1,0,1,1,0,0,0,0,1,0
222,3,2,4,2,1,3,1.0,52,1.0,2,0,1,0,1,1,0,0,0,0,0,0
223,4,4,4,4,4,4,1.0,52,1.0,2,1,0,0,0,1,0,0,0,0,1,0
224,3,4,4,4,4,4,0.0,53,1.0,2,1,0,1,0,1,0,0,0,0,1,0
225,4,4,4,4,4,4,0.0,55,1.0,2,1,0,0,1,1,0,0,0,0,0,1
226,3,1,3,4,3,3,1.0,56,1.0,2,1,0,0,0,1,0,0,0,0,1,0
227,2,2,3,3,4,4,1.0,56,1.0,2,1,0,0,0,1,0,0,0,0,0,0
228,4,1,3,3,3,3,1.0,56,1.0,2,0,1,1,0,1,0,0,0,0,0,0
229,0,4,4,4,0,0,0.0,57,1.0,2,1,0,0,0,1,0,0,0,0,1,0
230,4,4,4,4,4,4,0.0,59,1.0,2,0,1,0,0,1,0,0,0,0,1,0
231,4,4,4,4,4,4,1.0,59,1.0,2,0,1,0,1,1,0,0,0,0,0,0
232,3,3,3,3,3,3,0.0,60,1.0,2,1,0,0,0,1,0,0,0,0,0,1
233,4,4,4,4,4,4,0.0,61,1.0,2,0,1,0,1,1,0,0,0,0,1,0
234,3,0,3,3,4,3,1.0,64,1.0,2,0,1,0,1,1,0,0,0,0,0,0
235,2,3,3,3,2,2,0.0,65,1.0,2,1,0,0,0,1,0,0,0,0,1,0
236,4,2,4,2,3,2,0.0,65,1.0,2,1,0,0,0,1,0,0,0,0,1,0
237,4,4,4,4,4,4,1.0,65,1.0,2,0,1,0,1,1,0,0,0,0,1,0
238,4,3,4,4,4,4,1.0,66,1.0,2,0,1,0,1,1,0,0,0,0,1,0
239,1,1,4,3,2,3,0.0,66,1.0,2,1,0,1,0,1,0,0,0,0,1,0
240,4,4,4,4,4,4,1.0,66,1.0,2,0,1,1,0,1,0,0,0,0,0,0
241,3,3,1,3,3,3,0.0,66,1.0,2,1,0,1,0,1,0,0,0,0,1,0
242,4,3,3,3,3,3,0.0,66,1.0,2,1,0,0,0,1,0,0,0,0,1,0
243,4,4,4,4,3,3,0.0,66,1.0,2,0,1,0,0,1,0,0,0,0,1,0
244,1,4,4,3,4,4,1.0,66,1.0,2,0,1,1,0,1,0,0,0,0,1,0
245,4,4,4,4,3,3,0.0,67,1.0,2,0,1,0,0,1,0,0,0,0,0,0
246,1,4,4,4,0,2,1.0,67,1.0,2,0,1,0,1,1,0,0,0,0,0,0
247,3,3,4,4,4,4,0.0,68,1.0,2,0,1,1,0,1,0,0,0,0,1,0
248,4,3,4,4,2,4,1.0,68,1.0,2,1,0,0,0,1,0,0,0,0,0,0
249,4,4,4,3,2,3,0.0,69,1.0,2,1,0,1,0,1,0,0,0,0,0,0
250,4,4,4,4,4,4,0.0,69,1.0,2,0,1,0,0,1,0,0,0,0,1,0
251,1,3,3,3,1,3,1.0,69,1.0,2,0,1,1,0,1,0,0,0,0,1,0
252,3,4,4,4,3,4,0.0,70,1.0,2,0,1,1,0,1,0,0,0,0,1,0
253,4,1,4,4,4,4,0.0,70,1.0,2,0,1,0,0,1,0,0,0,0,0,0
254,4,4,4,4,4,4,0.0,70,1.0,2,0,1,0,0,1,0,0,0,0,0,0
255,3,3,4,4,3,4,1.0,70,1.0,2,0,1,1,0,1,0,0,0,0,1,0
256,1,1,4,4,4,4,1.0,70,1.0,2,0,0,1,0,1,0,0,0,0,1,0
257,3,3,3,3,2,2,0.0,71,1.0,2,0,0,0,0,1,0,0,0,0,1,0
258,4,2,0,4,4,4,1.0,71,1.0,2,0,0,0,1,1,0,0,0,0,1,0
259,4,4,4,4,4,4,0.0,71,1.0,2,0,1,0,1,1,0,0,0,0,1,0
260,3,2,2,3,3,2,1.0,72,1.0,2,1,0,1,0,1,0,0,0,0,1,0
261,3,3,4,4,3,4,0.0,72,1.0,2,0,1,1,0,1,0,0,0,0,1,0
262,4,3,4,4,4,4,1.0,72,1.0,2,1,0,0,0,1,0,0,0,0,0,0
263,3,3,4,3,2,3,0.0,73,1.0,2,1,0,1,0,1,0,0,0,0,1,0
264,0,1,3,4,2,1,1.0,74,1.0,2,0,1,0,0,1,0,0,0,0,0,0
265,3,4,4,4,4,4,0.0,75,1.0,2,0,1,0,0,1,0,0,0,0,1,0
266,3,3,4,3,4,2,0.0,75,1.0,2,1,0,1,0,1,0,0,0,0,0,0
267,3,3,3,3,2,3,0.0,76,1.0,2,1,0,0,0,1,0,0,0,0,1,0
268,3,3,3,3,2,2,0.0,76,1.0,2,1,0,1,0,1,0,0,0,0,1,0
269,4,1,4,3,3,3,1.0,76,1.0,2,0,1,1,0,1,0,0,0,0,0,0
270,4,3,4,4,3,4,0.0,78,1.0,2,0,1,0,0,1,0,0,0,0,0,0
271,4,4,2,4,4,4,0.0,79,1.0,2,1,0,0,0,1,0,0,0,0,1,0
272,4,4,4,4,3,4,1.0,80,1.0,2,1,0,0,0,1,0,0,0,0,0,0
273,4,3,4,4,3,3,1.0,82,1.0,2,1,0,0,0,1,0,0,0,0,1,0
274,3,3,3,4,3,3,0.0,86,1.0,2,1,0,0,1,1,0,0,0,0,1,0
275,3,4,4,4,2,4,1.0,87,1.0,2,0,1,0,1,1,0,0,0,0,0,0
276,4,4,4,2,2,2,1.0,50,0.0,2,0,1,0,1,0,0,0,1,0,1,0
277,4,3,0,3,3,4,1.0,23,0.0,2,0,1,0,1,0,1,0,0,0,1,0
278,4,4,4,4,3,4,1.0,23,0.0,2,0,1,0,1,0,1,0,0,0,0,0
279,4,4,4,4,4,4,1.0,27,0.0,2,0,0,0,1,0,1,0,0,0,1,0
280,4,1,4,4,3,4,1.0,37,0.0,2,0,1,1,0,0,1,0,0,0,1,0
281,4,2,3,1,3,3,1.0,21,0.0,2,0,0,1,0,0,0,0,0,0,0,0
282,3,3,3,3,2,2,0.0,22,0.0,2,0,1,0,0,0,0,1,0,0,1,0
283,3,3,2,4,4,4,1.0,22,0.0,2,0,1,1,0,0,0,1,0,0,1,0
284,4,4,3,2,3,3,1.0,29,0.0,2,1,0,1,0,0,0,1,0,0,1,0
285,2,3,1,3,3,4,1.0,33,0.0,2,1,0,0,1,0,0,1,0,0,1,0
286,3,0,4,0,0,0,1.0,34,0.0,2,1,0,0,0,0,0,1,0,0,0,1
287,3,0,3,2,2,2,1.0,37,0.0,2,0,0,0,0,0,0,1,0,0,0,0
288,1,4,4,4,4,4,1.0,38,0.0,2,0,1,1,0,0,0,1,0,0,0,0
289,4,3,4,4,4,4,0.0,52,0.0,2,0,1,0,0,0,0,1,0,0,1,0
290,4,4,4,4,4,4,1.0,67,0.0,2,0,1,0,0,0,0,1,0,0,1,0
291,0,3,4,4,3,4,1.0,19,0.0,2,0,1,0,0,1,0,0,0,0,1,0
292,1,0,0,2,2,1,0.0,19,0.0,2,1,0,0,0,1,0,0,0,0,1,0
293,4,4,4,4,3,2,1.0,23,0.0,2,0,1,0,0,1,0,0,0,0,1,0
294,4,4,4,4,4,4,0.0,24,0.0,2,0,1,0,0,1,0,0,0,0,1,0
295,4,4,4,4,3,3,1.0,25,0.0,2,0,1,0,1,1,0,0,0,0,1,0
296,4,4,4,4,4,4,0.0,25,0.0,2,0,1,0,0,1,0,0,0,0,0,0
297,4,4,2,3,3,1,1.0,26,0.0,2,1,0,0,1,1,0,0,0,0,1,0
298,4,4,4,4,4,4,1.0,28,0.0,2,0,1,0,0,1,0,0,0,0,0,0
299,3,3,2,3,3,1,1.0,30,0.0,2,0,0,1,0,1,0,0,0,0,1,0
300,4,3,4,3,3,3,1.0,30,0.0,2,1,0,0,0,1,0,0,0,0,1,0
301,4,4,4,4,4,4,0.0,31,0.0,2,0,1,0,1,1,0,0,0,0,0,0
302,4,4,4,4,4,4,1.0,32,0.0,2,0,1,0,1,1,0,0,0,0,1,0
303,2,3,2,3,2,2,1.0,33,0.0,2,0,0,1,0,1,0,0,0,0,1,0
304,3,4,4,4,2,3,1.0,34,0.0,2,0,1,1,0,1,0,0,0,0,0,0
305,4,4,4,4,4,4,0.0,35,0.0,2,1,0,0,0,1,0,0,0,0,1,0
306,4,4,3,3,4,3,1.0,39,0.0,2,0,1,1,0,1,0,0,0,0,1,0
307,4,4,4,4,4,4,1.0,40,0.0,2,0,1,0,1,1,0,0,0,0,1,0
308,4,3,4,4,4,4,1.0,42,0.0,2,1,0,0,0,1,0,0,0,0,1,0
309,4,3,4,4,4,4,1.0,48,0.0,2,0,1,0,1,1,0,0,0,0,1,0
310,4,4,4,4,4,4,1.0,49,0.0,2,0,1,0,0,1,0,0,0,0,0,0
311,4,3,4,4,4,3,0.0,50,0.0,2,0,1,0,0,1,0,0,0,0,1,0
312,3,1,2,2,4,2,1.0,50,0.0,2,1,0,0,0,1,0,0,0,0,0,0
313,4,4,3,4,2,3,0.0,50,0.0,2,0,1,0,1,1,0,0,0,0,1,0
314,4,3,4,4,4,4,0.0,51,0.0,2,1,0,0,0,1,0,0,0,0,0,0
315,4,3,4,3,4,4,0.0,51,0.0,2,0,1,0,1,1,0,0,0,0,1,0
316,4,3,4,4,4,4,1.0,52,0.0,2,1,0,0,1,1,0,0,0,0,1,0
317,4,3,4,3,2,3,1.0,53,0.0,2,0,0,1,0,1,0,0,0,0,0,0
318,4,3,3,3,3,3,0.0,53,0.0,2,1,0,0,0,1,0,0,0,0,0,1
319,4,4,4,4,4,3,1.0,53,0.0,2,0,1,0,0,1,0,0,0,0,1,0
320,4,2,4,4,4,4,0.0,53,0.0,2,0,1,0,1,1,0,0,0,0,1,0
321,4,3,4,4,4,2,0.0,54,0.0,2,0,1,0,1,1,0,0,0,0,1,0
322,4,3,4,4,4,4,0.0,55,0.0,2,0,1,0,0,1,0,0,0,0,0,0
323,4,3,4,4,3,4,1.0,55,0.0,2,1,0,0,0,1,0,0,0,0,0,0
324,4,3,4,4,3,4,0.0,55,0.0,2,0,1,0,0,1,0,0,0,0,1,0
325,2,4,3,4,3,3,0.0,56,0.0,2,0,1,0,1,1,0,0,0,0,0,0
326,4,1,4,4,4,2,1.0,56,0.0,2,0,1,0,1,1,0,0,0,0,1,0
327,4,4,4,4,4,4,1.0,58,0.0,2,0,1,0,0,1,0,0,0,0,0,0
328,4,3,4,3,3,4,0.0,61,0.0,2,0,1,0,0,1,0,0,0,0,1,0
329,4,4,4,4,4,4,1.0,61,0.0,2,0,1,0,0,1,0,0,0,0,1,0
330,4,3,4,4,2,3,0.0,61,0.0,2,0,1,1,0,1,0,0,0,0,1,0
331,3,3,2,3,3,3,1.0,62,0.0,2,0,1,0,0,1,0,0,0,0,1,0
332,4,3,4,4,4,4,0.0,62,0.0,2,0,1,0,1,1,0,0,0,0,0,0
333,4,4,4,3,3,3,1.0,62,0.0,2,1,0,0,0,1,0,0,0,0,0,0
334,4,4,3,4,4,4,1.0,63,0.0,2,0,1,0,0,1,0,0,0,0,1,0
335,0,4,4,4,4,4,0.0,63,0.0,2,0,1,0,0,1,0,0,0,0,0,1
336,4,4,4,4,4,4,0.0,64,0.0,2,1,0,0,0,1,0,0,0,0,0,0
337,4,4,2,4,2,2,1.0,64,0.0,2,1,0,1,0,1,0,0,0,0,1,0
338,3,1,4,3,3,3,0.0,66,0.0,2,0,1,0,0,1,0,0,0,0,1,0
339,1,3,4,3,3,3,0.0,66,0.0,2,0,1,1,0,1,0,0,0,0,1,0
340,4,3,4,4,3,4,1.0,66,0.0,2,0,0,0,0,1,0,0,0,0,0,0
341,3,3,4,3,4,4,1.0,66,0.0,2,0,1,0,0,1,0,0,0,0,0,0
342,4,2,4,4,3,4,1.0,66,0.0,2,0,1,1,0,1,0,0,0,0,0,0
343,4,3,3,4,4,4,0.0,67,0.0,2,1,0,0,0,1,0,0,0,0,1,0
344,4,4,4,4,3,3,1.0,67,0.0,2,1,0,0,0,1,0,0,0,0,1,0
345,4,4,4,4,4,4,1.0,67,0.0,2,1,0,0,0,1,0,0,0,0,0,0
346,4,3,4,3,3,3,0.0,67,0.0,2,0,1,0,0,1,0,0,0,0,1,0
347,4,3,4,3,4,3,1.0,67,0.0,2,1,0,0,0,1,0,0,0,0,0,0
348,4,4,4,4,4,4,1.0,67,0.0,2,0,1,1,0,1,0,0,0,0,0,1
349,3,3,3,3,3,3,0.0,68,0.0,2,0,1,0,0,1,0,0,0,0,0,0
350,4,3,4,3,4,3,1.0,68,0.0,2,1,0,0,1,1,0,0,0,0,1,0
351,4,4,4,4,4,4,0.0,68,0.0,2,0,1,0,0,1,0,0,0,0,0,0
352,4,4,4,4,4,4,1.0,69,0.0,2,0,1,0,0,1,0,0,0,0,1,0
353,4,3,4,4,2,3,1.0,69,0.0,2,0,1,1,0,1,0,0,0,0,0,0
354,4,3,4,4,2,4,0.0,69,0.0,2,0,0,0,0,1,0,0,0,0,0,0
355,4,3,4,4,4,3,1.0,69,0.0,2,0,1,0,0,1,0,0,0,0,1,0
356,3,4,4,4,4,4,0.0,69,0.0,2,0,1,1,0,1,0,0,0,0,0,1
357,4,4,4,4,4,4,1.0,70,0.0,2,0,1,0,0,1,0,0,0,0,1,0
358,0,3,2,3,0,0,0.0,70,0.0,2,1,0,0,0,1,0,0,0,0,1,0
359,3,4,4,4,4,4,1.0,71,0.0,2,0,1,0,1,1,0,0,0,0,1,0
360,3,3,4,4,3,4,1.0,72,0.0,2,1,0,0,0,1,0,0,0,0,1,0
361,4,3,4,4,4,3,0.0,73,0.0,2,0,1,0,1,1,0,0,0,0,1,0
362,3,4,4,4,4,3,0.0,74,0.0,2,0,1,1,0,1,0,0,0,0,0,0
363,3,3,4,4,3,3,0.0,75,0.0,2,0,1,0,1,1,0,0,0,0,0,0
364,4,0,4,3,0,4,1.0,75,0.0,2,0,0,0,1,1,0,0,0,0,0,0
365,4,4,4,4,4,4,0.0,75,0.0,2,0,1,0,1,1,0,0,0,0,0,0
366,3,3,3,3,4,3,0.0,75,0.0,2,1,0,0,0,1,0,0,0,0,1,0
367,4,3,4,4,4,4,1.0,76,0.0,2,0,1,0,1,1,0,0,0,0,1,0
368,4,3,4,3,4,4,0.0,76,0.0,2,1,0,0,0,1,0,0,0,0,1,0
369,4,4,4,4,4,4,1.0,78,0.0,2,0,1,0,0,1,0,0,0,0,1,0
370,2,3,3,3,3,2,0.0,78,0.0,2,1,0,1,0,1,0,0,0,0,0,0
371,3,1,4,3,3,3,1.0,80,0.0,2,0,1,0,0,1,0,0,0,0,1,0
372,2,2,0,3,4,2,1.0,82,0.0,2,1,0,0,0,1,0,0,0,0,1,0
373,3,3,1,3,2,3,0.0,85,0.0,2,1,0,0,0,1,0,0,0,0,1,0
374,4,4,4,4,4,4,1.0,35,1.0,0,0,1,0,1,0,0,0,1,0,1,0
375,4,1,3,3,3,2,1.0,22,1.0,0,0,0,0,0,0,0,0,0,0,1,0
376,3,4,3,4,2,2,0.0,29,1.0,0,0,0,0,1,0,0,0,0,0,0,0
377,2,2,2,2,2,3,1.0,21,1.0,0,1,0,0,0,1,0,0,0,0,0,1
378,0,2,2,1,3,1,1.0,21,1.0,0,0,0,0,0,1,0,0,0,0,0,1
379,2,0,2,2,2,2,0.0,24,1.0,0,1,0,0,1,1,0,0,0,0,0,1
380,2,2,3,2,3,2,0.0,25,1.0,0,1,0,0,0,1,0,0,0,0,0,0
381,4,3,1,2,3,0,0.0,26,1.0,0,1,0,0,1,1,0,0,0,0,0,0
382,0,0,2,2,2,2,0.0,28,1.0,0,0,0,0,0,1,0,0,0,0,1,0
383,3,1,2,1,2,1,1.0,29,1.0,0,0,0,1,0,1,0,0,0,0,1,0
384,4,4,0,0,4,4,1.0,29,1.0,0,0,1,0,0,1,0,0,0,0,0,0
385,4,0,1,1,4,0,1.0,29,1.0,0,0,0,1,0,1,0,0,0,0,1,0
386,1,1,1,2,1,2,1.0,29,1.0,0,1,0,1,0,1,0,0,0,0,1,0
387,1,1,2,1,3,1,1.0,31,1.0,0,1,0,0,0,1,0,0,0,0,1,0
388,3,3,3,4,3,3,0.0,32,1.0,0,0,0,0,0,1,0,0,0,0,0,1
389,4,3,3,3,4,3,0.0,32,1.0,0,1,0,1,0,1,0,0,0,0,1,0
390,4,1,2,1,2,1,0.0,33,1.0,0,0,1,1,0,1,0,0,0,0,0,0
391,4,0,4,0,0,0,0.0,34,1.0,0,0,0,0,1,1,0,0,0,0,0,1
392,3,1,0,0,0,0,1.0,35,1.0,0,0,0,1,0,1,0,0,0,0,1,0
393,0,0,0,2,2,0,0.0,35,1.0,0,0,0,0,0,1,0,0,0,0,1,0
394,4,2,2,2,4,2,0.0,35,1.0,0,1,0,1,0,1,0,0,0,0,0,0
395,2,1,0,0,0,0,0.0,35,1.0,0,0,1,0,0,1,0,0,0,0,0,0
396,4,3,3,3,4,3,1.0,37,1.0,0,1,0,0,0,1,0,0,0,0,1,0
397,1,0,0,0,2,0,0.0,39,1.0,0,0,0,0,0,1,0,0,0,0,1,0
398,4,0,2,2,1,2,1.0,40,1.0,0,1,0,0,0,1,0,0,0,0,1,0
399,1,1,2,1,1,1,1.0,41,1.0,0,1,0,0,0,1,0,0,0,0,0,1
400,3,2,3,2,3,2,0.0,41,1.0,0,1,0,1,0,1,0,0,0,0,1,0
401,0,0,0,0,1,1,1.0,42,1.0,0,0,0,0,0,1,0,0,0,0,0,1
402,4,2,2,2,3,1,1.0,43,1.0,0,1,0,0,0,1,0,0,0,0,1,0
403,1,0,2,2,4,0,0.0,44,1.0,0,0,0,1,0,1,0,0,0,0,1,0
404,1,1,1,1,1,0,0.0,48,1.0,0,0,0,1,0,1,0,0,0,0,1,0
405,3,2,1,0,0,0,0.0,51,1.0,0,0,0,0,0,1,0,0,0,0,1,0
406,1,0,0,0,0,0,1.0,52,1.0,0,0,0,1,0,1,0,0,0,0,0,0
407,4,3,4,2,3,3,0.0,52,1.0,0,0,1,1,0,1,0,0,0,0,0,0
408,4,2,4,3,4,2,0.0,53,1.0,0,0,1,0,0,1,0,0,0,0,1,0
409,1,2,2,2,1,1,1.0,55,1.0,0,1,0,1,0,1,0,0,0,0,1,0
410,3,1,1,2,3,1,1.0,56,1.0,0,0,0,0,0,1,0,0,0,0,1,0
411,0,1,1,2,3,1,1.0,56,1.0,0,1,0,1,0,1,0,0,0,0,1,0
412,0,0,0,0,2,0,0.0,56,1.0,0,0,0,0,0,1,0,0,0,0,1,0
413,3,4,4,3,3,3,1.0,57,1.0,0,0,1,1,0,1,0,0,0,0,0,0
414,3,0,3,3,3,3,1.0,58,1.0,0,0,0,1,0,1,0,0,0,0,0,1
415,3,3,2,2,2,3,0.0,59,1.0,0,0,0,1,0,1,0,0,0,0,0,0
416,3,3,2,2,3,2,0.0,60,1.0,0,1,0,0,0,1,0,0,0,0,1,0
417,4,2,2,1,4,1,0.0,60,1.0,0,0,0,0,0,1,0,0,0,0,1,0
418,3,0,3,1,1,3,0.0,60,1.0,0,0,0,0,0,1,0,0,0,0,1,0
419,1,0,3,2,3,2,0.0,61,1.0,0,0,0,1,0,1,0,0,0,0,0,0
420,1,0,1,1,3,1,1.0,65,1.0,0,0,0,1,0,1,0,0,0,0,1,0
421,0,0,2,0,1,0,0.0,67,1.0,0,0,0,0,0,1,0,0,0,0,1,0
422,1,0,4,0,0,0,1.0,67,1.0,0,0,0,0,0,1,0,0,0,0,0,0
423,1,0,0,0,0,0,0.0,69,1.0,0,0,0,1,0,1,0,0,0,0,0,0
424,1,0,2,1,0,0,0.0,72,1.0,0,0,0,0,0,1,0,0,0,0,1,0
425,3,0,0,0,0,0,1.0,28,0.0,0,0,0,1,0,0,1,0,0,0,1,0
426,4,3,2,4,3,3,1.0,19,0.0,0,0,1,1,0,0,0,1,0,0,1,0
427,3,2,3,2,0,4,1.0,20,0.0,0,0,1,1,0,0,0,1,0,0,1,0
428,4,1,1,2,1,2,1.0,25,0.0,0,0,0,0,0,0,0,1,0,0,0,0
429,3,1,1,1,1,1,0.0,28,0.0,0,0,0,0,0,0,0,1,0,0,1,0
430,4,0,1,0,2,0,1.0,41,0.0,0,0,0,0,0,0,0,1,0,0,1,0
431,2,1,2,2,2,0,0.0,18,0.0,0,1,0,0,0,1,0,0,0,0,1,0
432,4,1,2,2,1,1,1.0,19,0.0,0,1,0,0,0,1,0,0,0,0,0,1
433,2,0,2,0,0,0,0.0,19,0.0,0,1,0,0,0,1,0,0,0,0,0,1
434,4,0,2,0,2,2,1.0,19,0.0,0,1,0,0,1,1,0,0,0,0,0,1
435,4,3,2,2,3,2,0.0,20,0.0,0,1,0,0,1,1,0,0,0,0,0,1
436,0,0,3,0,4,0,0.0,20,0.0,0,1,0,0,0,1,0,0,0,0,1,0
437,1,0,0,2,2,0,0.0,20,0.0,0,0,0,1,0,1,0,0,0,0,0,1
438,4,0,2,1,0,1,0.0,21,0.0,0,0,0,0,0,1,0,0,0,0,0,0
439,4,2,1,1,3,1,1.0,21,0.0,0,0,0,0,1,1,0,0,0,0,0,0
440,3,1,1,1,3,0,0.0,22,0.0,0,0,0,0,0,1,0,0,0,0,0,1
441,4,0,1,0,0,0,0.0,22,0.0,0,0,0,1,0,1,0,0,0,0,1,0
442,3,2,2,3,3,1,1.0,23,0.0,0,0,0,1,0,1,0,0,0,0,1,0
443,1,2,2,2,0,0,0.0,23,0.0,0,0,0,0,0,1,0,0,0,0,0,0
444,3,0,3,0,2,0,1.0,23,0.0,0,0,0,1,0,1,0,0,0,0,1,0
445,0,0,0,0,0,0,0.0,23,0.0,0,0,0,0,0,1,0,0,0,0,1,0
446,4,2,2,2,4,2,0.0,26,0.0,0,0,0,0,0,1,0,0,0,0,1,0
447,3,1,2,1,3,1,1.0,27,0.0,0,0,0,0,0,1,0,0,0,0,1,0
448,3,1,1,0,1,0,1.0,29,0.0,0,0,0,1,0,1,0,0,0,0,1,0
449,2,2,2,2,2,2,1.0,29,0.0,0,1,0,1,0,1,0,0,0,0,1,0
450,3,3,2,2,3,3,1.0,29,0.0,0,0,0,0,0,1,0,0,0,0,0,0
451,4,1,0,2,0,0,1.0,30,0.0,0,1,0,0,0,1,0,0,0,0,1,0
452,0,0,0,2,2,0,1.0,31,0.0,0,0,0,1,0,1,0,0,0,0,1,0
453,4,2,1,1,1,1,0.0,31,0.0,0,0,0,0,1,1,0,0,0,0,1,0
454,3,1,2,2,0,0,0.0,31,0.0,0,1,0,0,0,1,0,0,0,0,1,0
455,4,3,3,3,3,3,1.0,31,0.0,0,1,0,0,0,1,0,0,0,0,0,1
456,3,2,3,2,2,2,0.0,31,0.0,0,0,0,0,0,1,0,0,0,0,0,1
457,3,0,0,0,0,0,0.0,32,0.0,0,0,0,0,0,1,0,0,0,0,0,1
458,3,0,2,0,3,0,1.0,32,0.0,0,0,0,1,0,1,0,0,0,0,0,1
459,3,1,1,1,3,1,1.0,32,0.0,0,1,0,0,0,1,0,0,0,0,0,1
460,1,0,2,2,1,3,0.0,32,0.0,0,1,0,1,0,1,0,0,0,0,1,0
461,4,2,2,0,0,0,1.0,33,0.0,0,0,0,0,0,1,0,0,0,0,1,0
462,2,3,3,1,1,0,1.0,33,0.0,0,0,0,1,0,1,0,0,0,0,1,0
463,3,2,2,2,1,1,1.0,34,0.0,0,1,0,1,0,1,0,0,0,0,1,0
464,2,2,2,2,2,2,0.0,34,0.0,0,1,0,0,0,1,0,0,0,0,0,1
465,1,1,2,0,0,2,1.0,35,0.0,0,0,0,0,0,1,0,0,0,0,0,0
466,4,2,3,2,4,2,1.0,35,0.0,0,0,0,1,0,1,0,0,0,0,0,0
467,4,4,4,2,0,0,1.0,35,0.0,0,0,0,0,0,1,0,0,0,0,0,1
468,3,3,3,2,1,2,1.0,37,0.0,0,0,0,0,0,1,0,0,0,0,1,0
469,2,0,1,0,0,0,1.0,37,0.0,0,0,0,0,0,1,0,0,0,0,1,0
470,3,3,2,3,4,3,1.0,37,0.0,0,1,0,0,0,1,0,0,0,0,1,0
471,4,3,3,2,4,3,1.0,37,0.0,0,1,0,0,0,1,0,0,0,0,1,0
472,4,2,2,2,3,2,1.0,38,0.0,0,1,0,0,0,1,0,0,0,0,1,0
473,2,0,0,0,2,0,0.0,38,0.0,0,0,0,0,0,1,0,0,0,0,1,0
474,3,3,3,3,3,3,1.0,39,0.0,0,1,0,0,0,1,0,0,0,0,1,0
475,4,1,1,1,0,0,1.0,40,0.0,0,0,0,0,1,1,0,0,0,0,1,0
476,4,2,2,0,2,2,0.0,40,0.0,0,1,0,0,0,1,0,0,0,0,0,1
477,3,2,1,0,1,0,0.0,40,0.0,0,0,0,0,0,1,0,0,0,0,1,0
478,1,1,0,0,2,0,1.0,41,0.0,0,0,0,1,0,1,0,0,0,0,1,0
479,4,2,2,2,2,1,1.0,42,0.0,0,0,0,0,0,1,0,0,0,0,0,0
480,2,2,3,1,2,1,1.0,42,0.0,0,1,0,0,0,1,0,0,0,0,1,0
481,4,4,2,2,2,3,1.0,43,0.0,0,1,0,0,1,1,0,0,0,0,1,0
482,3,1,1,1,1,1,1.0,44,0.0,0,0,1,0,1,1,0,0,0,0,0,1
483,3,2,1,2,1,1,1.0,44,0.0,0,0,0,0,0,1,0,0,0,0,0,1
484,1,4,0,2,1,0,1.0,48,0.0,0,0,0,1,0,1,0,0,0,0,0,0
485,4,1,2,2,2,2,1.0,48,0.0,0,1,0,0,0,1,0,0,0,0,0,1
486,3,1,3,2,1,1,1.0,50,0.0,0,0,0,0,0,1,0,0,0,0,1,0
487,4,2,2,2,1,2,1.0,50,0.0,0,0,0,1,0,1,0,0,0,0,1,0
488,4,4,4,4,4,4,0.0,51,0.0,0,0,1,0,0,1,0,0,0,0,1,0
489,0,0,0,0,0,0,1.0,53,0.0,0,0,0,0,0,1,0,0,0,0,0,0
490,4,0,0,0,0,0,0.0,55,0.0,0,0,0,0,0,1,0,0,0,0,0,0
491,1,1,1,1,1,1,0.0,55,0.0,0,0,0,0,0,1,0,0,0,0,1,0
492,4,0,4,3,3,3,1.0,56,0.0,0,0,0,1,0,1,0,0,0,0,1,0
493,4,3,4,2,4,2,1.0,56,0.0,0,0,1,0,0,1,0,0,0,0,0,0
494,0,0,1,0,0,0,1.0,57,0.0,0,0,0,1,0,1,0,0,0,0,1,0
495,3,1,1,1,1,1,1.0,58,0.0,0,0,0,0,1,1,0,0,0,0,1,0
496,1,0,0,0,0,0,0.0,58,0.0,0,0,0,0,0,1,0,0,0,0,1,0
497,2,1,1,1,1,0,1.0,59,0.0,0,0,0,0,0,1,0,0,0,0,0,0
498,4,0,2,2,3,1,1.0,59,0.0,0,1,0,1,0,1,0,0,0,0,0,1
499,2,0,2,1,1,1,1.0,59,0.0,0,0,0,0,0,1,0,0,0,0,0,1
500,3,0,0,0,2,0,1.0,60,0.0,0,0,0,1,0,1,0,0,0,0,1,0
501,3,2,2,0,0,2,0.0,60,0.0,0,1,0,0,0,1,0,0,0,0,1,0
502,1,0,2,1,4,0,0.0,60,0.0,0,0,1,1,0,1,0,0,0,0,1,0
503,2,0,1,1,4,0,1.0,61,0.0,0,0,0,1,0,1,0,0,0,0,1,0
504,0,0,2,2,2,2,0.0,61,0.0,0,0,0,0,0,1,0,0,0,0,0,1
505,1,0,0,0,2,0,1.0,62,0.0,0,0,0,0,0,1,0,0,0,0,1,0
506,3,0,2,0,0,0,1.0,63,0.0,0,0,0,0,0,1,0,0,0,0,0,1
507,4,0,0,0,0,0,1.0,63,0.0,0,0,1,0,0,1,0,0,0,0,1,0
508,0,0,0,0,0,0,0.0,63,0.0,0,1,0,0,1,1,0,0,0,0,1,0
509,3,0,2,0,3,0,1.0,64,0.0,0,0,0,0,0,1,0,0,0,0,1,0
510,4,2,2,1,1,0,0.0,70,0.0,0,1,0,0,1,1,0,0,0,0,1,0
511,3,3,3,2,1,1,1.0,70,0.0,0,0,0,0,0,1,0,0,0,0,0,0
512,3,1,1,0,1,0,0.0,70,0.0,0,0,0,0,0,1,0,0,0,0,1,0
513,4,0,4,0,2,0,1.0,71,0.0,0,1,0,1,0,1,0,0,0,0,1,0
514,1,1,1,0,0,0,0.0,71,0.0,0,0,0,0,0,1,0,0,0,0,1,0
515,1,0,2,2,1,1,1.0,71,0.0,0,0,0,0,0,1,0,0,0,0,0,0
516,1,1,1,1,3,1,0.0,72,0.0,0,1,0,1,0,1,0,0,0,0,1,0
517,1,1,2,2,2,2,0.0,82,0.0,0,1,0,0,0,1,0,0,0,0,1,0
518,3,2,2,2,2,2,1.0,49,0.0,0,1,0,1,0,0,0,1,0,0,1,0
519,4,2,4,2,2,2,0.0,22,0.0,0,1,0,1,0,1,0,0,0,0,0,1
520,4,4,4,3,3,4,1.0,25,1.0,1,0,1,0,1,0,0,0,1,1,0,0
521,0,4,4,4,3,4,1.0,27,1.0,1,0,1,0,1,0,0,0,1,1,0,0
522,4,4,4,4,4,4,1.0,30,1.0,1,0,1,0,1,0,0,0,1,1,0,0
523,4,4,4,4,4,4,1.0,34,1.0,1,0,1,0,1,0,0,0,1,1,0,0
524,4,3,4,4,4,3,1.0,34,1.0,1,0,1,0,1,0,0,0,1,1,0,0
525,3,4,4,3,4,3,1.0,35,1.0,1,0,1,0,1,0,0,0,1,1,0,0
526,4,4,4,4,4,4,1.0,35,1.0,1,0,1,0,1,0,0,0,1,1,0,0
527,4,4,3,4,3,4,1.0,38,1.0,1,0,1,0,1,0,0,0,1,1,0,0
528,4,3,3,4,3,4,1.0,39,1.0,1,0,1,1,0,0,0,0,1,1,0,0
529,4,4,3,4,3,4,1.0,40,1.0,1,0,1,0,1,0,0,0,1,1,0,0
530,4,4,4,4,4,4,1.0,40,1.0,1,0,1,0,1,0,0,0,1,1,0,0
531,3,4,2,4,4,4,1.0,41,1.0,1,0,1,0,1,0,0,0,1,1,0,0
532,4,3,4,3,4,4,1.0,43,1.0,1,0,1,0,1,0,0,0,1,1,0,0
533,4,4,3,4,3,3,1.0,47,1.0,1,0,1,0,1,0,0,0,1,1,0,0
534,4,4,4,4,4,4,1.0,50,1.0,1,0,1,0,1,0,0,0,1,1,0,0
535,4,4,3,4,3,4,1.0,52,1.0,1,0,1,0,1,0,0,0,1,1,0,0
536,3,3,4,3,3,3,1.0,59,1.0,1,0,1,1,0,0,0,0,1,1,0,0
537,4,3,4,4,4,4,0.0,65,1.0,1,0,1,0,1,0,0,0,1,1,0,0
538,4,4,4,3,4,4,1.0,69,1.0,1,0,1,0,1,0,0,0,1,1,0,0
539,3,4,4,3,4,3,1.0,29,1.0,1,0,0,1,0,0,1,0,0,1,1,0
540,4,3,3,2,4,3,1.0,27,1.0,1,0,1,0,1,0,0,0,0,1,0,0
541,4,4,4,3,4,4,1.0,29,1.0,1,0,1,0,1,0,0,0,0,1,0,0
542,4,3,4,2,3,1,1.0,31,1.0,1,0,1,0,1,0,0,0,0,1,0,0
543,4,3,2,3,3,3,1.0,33,1.0,1,0,1,0,1,0,0,0,0,1,1,0
544,4,4,4,4,4,4,1.0,37,1.0,1,0,1,0,1,0,0,0,0,1,0,0
545,3,3,4,3,4,3,1.0,47,1.0,1,0,1,0,1,0,0,0,0,1,0,0
546,4,3,4,3,4,3,1.0,50,1.0,1,0,1,0,1,0,0,0,0,1,0,0
547,4,4,3,4,4,3,1.0,51,1.0,1,0,1,0,1,0,0,0,0,1,0,0
548,0,1,0,4,0,0,0.0,24,1.0,1,0,1,1,0,1,0,0,0,1,1,0
549,4,4,4,4,2,3,0.0,35,1.0,1,0,1,0,1,1,0,0,0,1,0,0
550,4,4,4,4,4,4,1.0,35,1.0,1,0,1,0,1,1,0,0,0,1,0,0
551,4,0,2,2,4,2,0.0,37,1.0,1,0,1,0,1,1,0,0,0,1,1,0
552,4,4,4,4,4,4,1.0,38,1.0,1,0,1,0,1,1,0,0,0,1,0,0
553,4,3,4,3,4,3,1.0,41,1.0,1,0,1,0,1,1,0,0,0,1,0,0
554,3,2,3,3,4,2,0.0,65,1.0,1,1,0,0,0,1,0,0,0,1,1,0
555,4,3,4,3,3,4,1.0,70,1.0,1,1,0,0,1,1,0,0,0,1,0,0
556,3,1,4,4,3,4,0.0,81,1.0,1,1,0,1,0,1,0,0,0,1,0,0
557,4,4,4,4,4,4,1.0,34,0.0,1,0,1,0,1,0,0,0,1,1,0,0
558,3,4,4,4,4,4,1.0,42,0.0,1,0,1,0,1,0,0,0,1,1,0,0
559,4,2,1,3,3,3,1.0,23,0.0,1,1,0,0,1,0,1,0,0,1,0,0
560,4,3,4,4,4,4,0.0,50,0.0,1,1,0,0,0,0,1,0,0,1,1,0
561,3,1,2,1,2,1,1.0,33,0.0,1,0,1,1,0,0,0,0,0,1,1,0
562,3,3,3,3,3,3,1.0,36,0.0,1,0,1,0,1,0,0,0,0,1,0,0
563,3,4,2,4,3,3,1.0,21,0.0,1,0,1,0,1,1,0,0,0,1,0,0
564,4,3,2,2,4,2,1.0,27,0.0,1,0,1,1,0,1,0,0,0,1,1,0
565,4,2,2,3,3,2,1.0,32,0.0,1,0,0,1,0,1,0,0,0,1,0,0
566,4,1,1,3,4,3,0.0,35,0.0,1,0,0,1,0,1,0,0,0,1,1,0
567,3,3,2,3,3,3,0.0,38,0.0,1,0,1,0,1,1,0,0,0,1,0,0
568,4,4,2,4,4,4,0.0,38,0.0,1,0,1,0,1,1,0,0,0,1,0,0
569,4,4,3,4,3,4,1.0,41,0.0,1,0,1,0,1,1,0,0,0,1,0,0
570,3,3,4,4,3,4,1.0,45,0.0,1,0,1,0,1,1,0,0,0,1,0,0
571,2,0,0,2,2,2,1.0,53,0.0,1,1,0,1,0,1,0,0,0,1,0,1
572,4,3,4,4,4,4,1.0,56,0.0,1,1,0,0,0,1,0,0,0,1,1,0
573,4,3,4,4,4,4,1.0,56,0.0,1,0,1,0,0,1,0,0,0,1,0,0
574,4,4,3,4,4,4,1.0,65,0.0,1,0,1,0,1,1,0,0,0,1,0,0
575,4,4,4,4,4,4,1.0,74,0.0,1,1,0,0,0,1,0,0,0,1,0,0
576,4,4,4,4,4,4,1.0,37,1.0,1,0,1,0,1,0,0,0,1,1,0,0
577,4,3,4,3,4,3,1.0,37,1.0,1,0,1,0,1,0,0,0,1,1,0,0
578,4,4,4,4,4,4,1.0,37,1.0,1,0,1,0,1,0,0,0,1,1,0,0
579,4,4,4,4,4,4,1.0,38,1.0,1,0,1,0,1,0,0,0,1,1,0,0
580,4,4,4,4,4,4,1.0,41,1.0,1,0,1,0,1,0,0,0,1,1,0,0
581,4,4,3,2,4,3,1.0,29,1.0,1,0,0,0,1,0,1,0,0,1,0,0
582,1,4,1,1,3,3,1.0,24,1.0,1,0,1,1,0,0,0,0,0,1,0,0
583,4,3,3,4,3,4,1.0,25,1.0,1,0,1,0,1,0,0,0,0,1,1,0
584,3,3,3,3,3,3,1.0,33,1.0,1,0,1,1,0,0,0,0,0,1,0,0
585,3,4,1,3,4,2,0.0,36,1.0,1,0,1,0,0,0,0,0,0,1,0,0
586,2,2,2,2,2,2,1.0,37,1.0,1,0,1,0,1,0,0,0,0,1,0,0
587,4,4,4,4,3,4,1.0,50,1.0,1,0,1,0,1,0,0,0,0,1,0,0
588,3,4,2,3,4,3,1.0,67,1.0,1,0,1,0,1,0,0,0,0,1,1,0
589,4,3,4,4,4,4,1.0,25,1.0,1,1,0,1,0,0,0,1,0,1,1,0
590,4,4,4,4,4,4,1.0,37,1.0,1,0,1,0,1,0,0,1,0,1,0,0
591,3,1,3,3,3,3,1.0,58,1.0,1,1,0,1,0,0,0,1,0,1,0,0
592,4,3,2,3,3,2,1.0,25,1.0,1,1,0,0,0,1,0,0,0,1,0,0
593,3,4,2,2,3,1,1.0,27,1.0,1,0,0,1,0,1,0,0,0,1,0,0
594,4,3,3,4,3,4,1.0,28,1.0,1,0,1,1,0,1,0,0,0,1,1,0
595,3,4,3,4,4,4,1.0,29,1.0,1,0,1,1,0,1,0,0,0,1,0,0
596,3,3,3,3,2,4,1.0,31,1.0,1,0,0,1,0,1,0,0,0,1,0,0
597,3,4,1,4,4,4,1.0,31,1.0,1,0,1,0,1,1,0,0,0,1,0,0
598,0,0,0,1,0,0,1.0,32,1.0,1,0,0,1,0,1,0,0,0,1,0,0
599,4,3,3,2,2,3,1.0,32,1.0,1,0,1,0,1,1,0,0,0,1,0,0
600,4,4,4,4,4,4,0.0,32,1.0,1,0,1,0,1,1,0,0,0,1,0,0
601,4,4,4,4,3,3,1.0,33,1.0,1,0,0,1,0,1,0,0,0,1,0,0
602,4,0,3,3,1,3,1.0,33,1.0,1,0,0,1,0,1,0,0,0,1,0,0
603,3,3,4,4,4,4,1.0,34,1.0,1,0,1,0,1,1,0,0,0,1,0,0
604,4,3,4,4,4,4,1.0,34,1.0,1,0,1,1,0,1,0,0,0,1,0,0
605,3,4,4,3,4,3,1.0,35,1.0,1,0,1,0,1,1,0,0,0,1,0,0
606,4,3,4,3,3,3,0.0,35,1.0,1,0,1,0,1,1,0,0,0,1,0,0
607,3,3,4,4,4,4,1.0,35,1.0,1,0,1,0,1,1,0,0,0,1,0,0
608,4,4,4,4,4,3,1.0,35,1.0,1,0,1,0,1,1,0,0,0,1,0,0
609,3,4,3,3,3,3,0.0,35,1.0,1,0,1,0,1,1,0,0,0,1,0,0
610,3,3,4,4,4,4,0.0,36,1.0,1,0,1,0,1,1,0,0,0,1,0,0
611,2,2,2,3,3,3,1.0,36,1.0,1,0,0,0,1,1,0,0,0,1,0,0
612,4,3,3,3,3,3,0.0,36,1.0,1,1,0,0,0,1,0,0,0,1,0,0
613,4,4,4,4,4,4,0.0,36,1.0,1,0,1,0,1,1,0,0,0,1,1,0
614,4,4,3,4,4,4,0.0,36,1.0,1,0,1,0,1,1,0,0,0,1,0,0
615,4,3,3,2,4,3,1.0,38,1.0,1,0,1,1,0,1,0,0,0,1,0,0
616,4,4,0,4,4,4,1.0,39,1.0,1,0,1,0,1,1,0,0,0,1,0,0
617,4,4,2,2,2,2,1.0,41,1.0,1,1,0,0,1,1,0,0,0,1,0,0
618,4,3,3,3,3,3,0.0,42,1.0,1,0,1,0,0,1,0,0,0,1,0,0
619,0,4,4,3,4,4,0.0,43,1.0,1,0,1,0,1,1,0,0,0,1,0,0
620,4,4,4,4,3,4,0.0,43,1.0,1,1,0,0,0,1,0,0,0,1,1,0
621,3,3,2,4,3,3,1.0,43,1.0,1,1,0,0,1,1,0,0,0,1,1,0
622,4,4,4,3,4,4,1.0,48,1.0,1,0,1,0,1,1,0,0,0,1,0,0
623,0,2,2,2,1,1,0.0,48,1.0,1,1,0,0,0,1,0,0,0,1,0,0
624,4,3,2,3,3,3,1.0,48,1.0,1,0,1,0,1,1,0,0,0,1,0,0
625,4,4,4,4,4,2,0.0,49,1.0,1,1,0,0,0,1,0,0,0,1,0,0
626,4,3,4,3,3,3,1.0,51,1.0,1,0,1,0,1,1,0,0,0,1,0,0
627,0,2,0,2,0,0,0.0,53,1.0,1,0,0,1,0,1,0,0,0,1,0,0
628,4,3,4,4,3,4,1.0,55,1.0,1,0,1,0,1,1,0,0,0,1,1,0
629,4,4,4,4,4,4,1.0,57,1.0,1,0,1,0,0,1,0,0,0,1,1,0
630,4,3,3,3,3,4,1.0,58,1.0,1,1,0,0,0,1,0,0,0,1,0,0
631,3,3,3,3,2,3,1.0,59,1.0,1,0,1,1,0,1,0,0,0,1,1,0
632,4,1,4,4,4,4,1.0,61,1.0,1,0,1,0,0,1,0,0,0,1,0,0
633,4,4,4,4,4,4,0.0,61,1.0,1,0,1,0,1,1,0,0,0,1,0,0
634,3,3,3,3,3,3,1.0,63,1.0,1,1,0,1,0,1,0,0,0,1,0,0
635,0,0,0,2,0,0,1.0,63,1.0,1,0,0,1,0,1,0,0,0,1,1,0
636,3,4,4,4,4,4,0.0,63,1.0,1,0,1,0,1,1,0,0,0,1,0,0
637,4,4,4,4,4,4,1.0,65,1.0,1,0,1,0,1,1,0,0,0,1,0,0
638,1,1,3,3,3,3,1.0,65,1.0,1,0,0,1,0,1,0,0,0,1,1,0
639,4,1,2,2,2,2,1.0,65,1.0,1,1,0,0,1,1,0,0,0,1,0,1
640,1,3,4,4,3,3,1.0,66,1.0,1,0,1,1,0,1,0,0,0,1,0,0
641,1,3,4,4,3,4,0.0,67,1.0,1,0,1,0,0,1,0,0,0,1,0,0
642,4,4,4,4,4,4,1.0,68,1.0,1,0,1,0,0,1,0,0,0,1,1,0
643,1,3,1,3,1,3,1.0,69,1.0,1,1,0,1,0,1,0,0,0,1,0,1
644,4,4,4,4,4,4,0.0,69,1.0,1,0,1,0,0,1,0,0,0,1,0,0
645,4,4,4,4,4,4,0.0,70,1.0,1,0,1,0,0,1,0,0,0,1,0,0
646,3,3,4,4,3,4,0.0,73,1.0,1,0,1,0,0,1,0,0,0,1,0,0
647,2,3,2,2,2,2,0.0,73,1.0,1,1,0,1,0,1,0,0,0,1,0,0
648,0,0,0,0,0,0,1.0,75,1.0,1,1,0,0,0,1,0,0,0,1,0,0
649,4,4,4,4,3,4,1.0,75,1.0,1,0,1,0,0,1,0,0,0,1,0,0
650,4,4,4,4,2,4,1.0,76,1.0,1,0,1,0,0,1,0,0,0,1,0,0
651,4,4,4,4,3,4,1.0,79,1.0,1,0,1,0,1,1,0,0,0,1,1,0
652,4,3,4,4,3,4,0.0,80,1.0,1,0,0,0,0,1,0,0,0,1,0,0
653,0,1,4,4,2,3,0.0,80,1.0,1,0,1,1,0,1,0,0,0,1,1,0
654,3,3,3,3,3,3,1.0,31,0.0,1,0,1,0,1,0,0,0,1,1,0,0
655,4,4,4,3,4,4,0.0,33,0.0,1,0,1,0,1,0,0,0,1,1,0,0
656,1,3,3,4,3,2,1.0,23,0.0,1,0,1,1,0,0,1,0,0,1,0,0
657,2,2,4,2,3,4,1.0,27,0.0,1,0,1,0,1,0,1,0,0,1,0,0
658,2,2,2,2,2,2,1.0,33,0.0,1,0,1,0,1,0,1,0,0,1,0,0
659,3,2,3,3,3,3,1.0,37,0.0,1,0,0,1,0,0,1,0,0,1,1,0
660,4,3,3,3,4,3,0.0,64,0.0,1,0,0,1,0,0,1,0,0,1,1,0
661,4,3,3,3,3,3,1.0,32,0.0,1,0,1,0,1,0,0,0,0,1,0,0
662,3,4,4,4,4,3,0.0,45,0.0,1,1,0,1,0,0,0,0,0,1,1,0
663,4,3,2,3,2,3,1.0,24,0.0,1,1,0,0,0,0,0,1,0,1,0,0
664,4,3,2,3,1,2,1.0,29,0.0,1,0,0,1,0,0,0,1,0,1,0,0
665,3,1,1,2,3,3,1.0,31,0.0,1,0,1,1,0,0,0,1,0,1,1,0
666,1,0,2,2,3,2,0.0,42,0.0,1,0,1,0,0,0,0,1,0,1,0,0
667,4,0,2,0,4,4,1.0,58,0.0,1,0,0,0,0,0,0,1,0,1,0,0
668,3,1,3,3,4,3,1.0,22,0.0,1,1,0,1,0,1,0,0,0,1,1,0
669,4,4,3,3,4,3,1.0,25,0.0,1,0,1,0,1,1,0,0,0,1,1,0
670,3,4,4,4,3,4,1.0,26,0.0,1,1,0,1,0,1,0,0,0,1,1,0
671,4,3,4,4,4,3,1.0,27,0.0,1,0,1,0,1,1,0,0,0,1,1,0
672,4,2,4,4,4,4,1.0,28,0.0,1,0,1,0,1,1,0,0,0,1,1,0
673,3,1,3,2,3,1,1.0,30,0.0,1,1,0,1,0,1,0,0,0,1,1,0
674,4,4,2,3,3,3,0.0,30,0.0,1,0,1,0,0,1,0,0,0,1,0,1
675,4,4,4,4,4,4,1.0,30,0.0,1,0,1,0,1,1,0,0,0,1,0,0
676,3,4,4,3,3,3,0.0,30,0.0,1,0,1,0,1,1,0,0,0,1,0,0
677,4,4,4,4,3,4,0.0,30,0.0,1,0,1,0,1,1,0,0,0,1,0,0
678,3,4,4,4,3,3,1.0,30,0.0,1,0,1,0,1,1,0,0,0,1,1,0
679,4,1,3,4,3,3,1.0,31,0.0,1,0,0,0,0,1,0,0,0,1,0,0
680,4,3,4,3,3,3,0.0,32,0.0,1,0,1,0,1,1,0,0,0,1,0,0
681,3,3,4,3,2,3,1.0,32,0.0,1,1,0,1,0,1,0,0,0,1,0,0
682,2,2,3,3,3,2,1.0,33,0.0,1,0,1,0,1,1,0,0,0,1,1,0
683,2,2,3,2,1,1,1.0,33,0.0,1,0,0,1,0,1,0,0,0,1,1,0
684,4,3,3,3,3,3,1.0,34,0.0,1,0,0,1,0,1,0,0,0,1,1,0
685,4,3,2,3,3,3,0.0,36,0.0,1,0,1,0,0,1,0,0,0,1,1,0
686,3,2,3,3,2,2,1.0,38,0.0,1,1,0,1,0,1,0,0,0,1,1,0
687,4,4,4,4,4,4,0.0,39,0.0,1,0,1,0,1,1,0,0,0,1,1,0
688,3,3,2,2,2,2,1.0,39,0.0,1,0,1,1,0,1,0,0,0,1,1,0
689,4,4,4,4,4,3,0.0,42,0.0,1,0,1,0,0,1,0,0,0,1,0,1
690,4,4,4,4,4,4,1.0,44,0.0,1,0,1,0,0,1,0,0,0,1,1,0
691,3,4,4,3,4,3,1.0,44,0.0,1,0,1,0,1,1,0,0,0,1,0,0
692,4,4,4,4,4,4,0.0,45,0.0,1,0,1,0,0,1,0,0,0,1,0,0
693,2,1,3,3,3,4,1.0,46,0.0,1,0,1,0,0,1,0,0,0,1,1,0
694,4,1,3,3,0,2,1.0,46,0.0,1,1,0,1,0,1,0,0,0,1,1,0
695,4,3,4,3,4,4,1.0,47,0.0,1,1,0,0,0,1,0,0,0,1,0,1
696,4,4,4,4,4,4,0.0,47,0.0,1,0,1,0,1,1,0,0,0,1,1,0
697,4,3,4,3,3,3,1.0,51,0.0,1,0,1,0,1,1,0,0,0,1,1,0
698,3,1,3,3,3,3,1.0,52,0.0,1,1,0,0,0,1,0,0,0,1,0,1
699,2,2,3,3,3,3,0.0,53,0.0,1,0,0,1,0,1,0,0,0,1,1,0
700,3,3,3,3,3,3,1.0,53,0.0,1,0,1,0,0,1,0,0,0,1,1,0
701,1,3,2,2,1,2,1.0,55,0.0,1,1,0,1,0,1,0,0,0,1,0,0
702,4,4,4,4,3,4,1.0,57,0.0,1,1,0,1,0,1,0,0,0,1,0,0
703,4,3,4,4,4,4,0.0,59,0.0,1,1,0,0,0,1,0,0,0,1,0,0
704,3,2,3,3,2,2,1.0,60,0.0,1,1,0,0,0,1,0,0,0,1,1,0
705,4,4,4,3,2,4,1.0,60,0.0,1,1,0,0,0,1,0,0,0,1,0,1
706,1,3,3,3,2,3,1.0,65,0.0,1,1,0,1,0,1,0,0,0,1,1,0
707,4,0,4,3,3,4,1.0,67,0.0,1,1,0,0,0,1,0,0,0,1,1,0
708,4,3,4,4,3,4,1.0,69,0.0,1,0,1,0,0,1,0,0,0,1,1,0
709,4,3,3,3,0,0,0.0,71,0.0,1,0,0,0,1,1,0,0,0,1,1,0
710,4,3,4,3,3,3,1.0,71,0.0,1,0,1,0,0,1,0,0,0,1,1,0
711,4,1,4,4,2,4,0.0,72,0.0,1,0,0,0,0,1,0,0,0,1,1,0
712,4,2,3,1,4,1,0.0,73,0.0,1,0,0,1,0,1,0,0,0,1,1,0
713,4,4,4,4,2,3,0.0,79,0.0,1,1,0,0,1,1,0,0,0,1,0,0
714,3,3,4,4,4,4,0.0,38,1.0,2,0,1,1,0,0,0,0,1,1,0,0
715,1,3,2,3,1,3,1.0,44,1.0,2,0,1,0,1,0,0,0,1,1,0,0
716,4,4,3,4,4,3,1.0,47,1.0,2,0,1,0,0,0,0,0,1,1,0,0
717,4,4,4,4,4,4,1.0,51,1.0,2,0,1,0,1,0,0,0,1,1,0,0
718,4,4,4,3,4,3,1.0,22,1.0,2,0,1,0,1,0,1,0,0,1,0,0
719,4,4,4,4,4,4,1.0,40,1.0,2,0,1,0,1,0,1,0,0,1,0,0
720,4,2,2,2,3,2,1.0,25,1.0,2,0,1,0,1,0,0,1,0,1,1,0
721,3,3,3,2,2,3,1.0,39,1.0,2,0,0,1,0,0,0,1,0,1,0,0
722,3,3,4,3,2,2,0.0,51,1.0,2,1,0,1,0,0,0,1,0,1,0,0
723,4,4,2,4,4,4,0.0,55,1.0,2,0,1,0,1,0,0,1,0,1,1,0
724,4,4,4,4,4,4,0.0,69,1.0,2,0,1,0,1,0,0,1,0,1,0,0
725,4,4,3,4,4,3,1.0,24,1.0,2,0,1,0,1,1,0,0,0,1,1,0
726,4,3,4,3,3,3,1.0,29,1.0,2,1,0,1,0,1,0,0,0,1,0,0
727,4,3,4,4,4,4,1.0,29,1.0,2,0,1,0,1,1,0,0,0,1,0,0
728,4,4,4,4,4,4,1.0,32,1.0,2,0,1,0,1,1,0,0,0,1,0,0
729,4,3,4,4,4,4,0.0,32,1.0,2,0,1,0,0,1,0,0,0,1,1,0
730,3,3,4,4,4,4,0.0,33,1.0,2,0,1,1,0,1,0,0,0,1,0,0
731,4,3,4,3,1,3,1.0,35,1.0,2,0,1,0,0,1,0,0,0,1,0,0
732,4,3,4,4,3,4,1.0,36,1.0,2,1,0,0,0,1,0,0,0,1,0,0
733,4,4,4,4,1,4,1.0,37,1.0,2,1,0,0,0,1,0,0,0,1,1,0
734,0,4,3,4,3,4,1.0,38,1.0,2,0,1,1,0,1,0,0,0,1,1,0
735,4,4,4,4,4,4,1.0,38,1.0,2,0,0,0,1,1,0,0,0,1,0,0
736,3,1,4,4,4,4,1.0,39,1.0,2,0,1,1,0,1,0,0,0,1,0,0
737,0,3,1,3,1,3,0.0,39,1.0,2,1,0,1,0,1,0,0,0,1,0,0
738,4,3,4,4,4,4,1.0,39,1.0,2,0,1,0,1,1,0,0,0,1,0,0
739,1,3,2,3,2,3,1.0,40,1.0,2,0,1,1,0,1,0,0,0,1,0,0
740,4,4,4,4,4,4,0.0,40,1.0,2,0,1,0,1,1,0,0,0,1,0,0
741,4,4,3,3,4,3,1.0,40,1.0,2,0,1,0,1,1,0,0,0,1,0,0
742,4,4,4,4,4,4,0.0,40,1.0,2,0,1,0,0,1,0,0,0,1,1,0
743,4,4,3,4,4,4,0.0,41,1.0,2,0,1,0,1,1,0,0,0,1,0,0
744,3,3,3,4,3,3,1.0,42,1.0,2,0,1,0,1,1,0,0,0,1,1,0
745,3,4,3,4,4,4,1.0,42,1.0,2,0,1,1,0,1,0,0,0,1,0,0
746,4,3,4,4,4,4,1.0,42,1.0,2,1,0,0,0,1,0,0,0,1,0,0
747,4,4,4,4,4,4,1.0,42,1.0,2,0,1,0,1,1,0,0,0,1,0,0
748,3,3,4,4,3,4,0.0,43,1.0,2,0,1,1,0,1,0,0,0,1,1,0
749,3,4,4,4,4,4,0.0,44,1.0,2,0,1,1,0,1,0,0,0,1,1,0
750,4,3,3,3,4,4,0.0,44,1.0,2,1,0,1,0,1,0,0,0,1,0,0
751,3,3,4,3,2,3,0.0,48,1.0,2,0,1,1,0,1,0,0,0,1,0,0
752,3,4,4,4,4,4,0.0,49,1.0,2,0,1,0,0,1,0,0,0,1,0,0
753,4,3,4,4,3,4,0.0,50,1.0,2,0,1,0,1,1,0,0,0,1,0,0
754,1,1,1,2,1,1,1.0,50,1.0,2,1,0,0,0,1,0,0,0,1,0,0
755,3,3,4,4,4,4,1.0,51,1.0,2,0,1,0,0,1,0,0,0,1,1,0
756,4,1,3,4,3,2,1.0,52,1.0,2,0,0,0,1,1,0,0,0,1,1,0
757,4,4,0,0,4,4,1.0,52,1.0,2,0,0,0,1,1,0,0,0,1,0,0
758,3,3,4,4,4,4,1.0,52,1.0,2,0,1,1,0,1,0,0,0,1,0,0
759,4,3,2,2,3,3,0.0,52,1.0,2,1,0,1,0,1,0,0,0,1,0,0
760,4,4,4,4,4,4,1.0,52,1.0,2,1,0,0,0,1,0,0,0,1,0,0
761,4,4,4,4,4,4,0.0,52,1.0,2,0,1,0,0,1,0,0,0,1,0,0
762,4,4,4,4,3,4,0.0,53,1.0,2,0,1,0,1,1,0,0,0,1,0,0
763,4,4,4,4,4,4,1.0,54,1.0,2,0,1,0,1,1,0,0,0,1,0,0
764,1,3,4,4,4,4,1.0,54,1.0,2,0,1,0,0,1,0,0,0,1,0,0
765,1,1,3,3,2,3,1.0,54,1.0,2,0,0,1,0,1,0,0,0,1,0,0
766,4,4,4,4,4,4,1.0,55,1.0,2,0,1,0,0,1,0,0,0,1,0,0
767,4,4,4,4,4,4,0.0,55,1.0,2,1,0,1,0,1,0,0,0,1,0,0
768,4,4,4,4,4,4,0.0,56,1.0,2,0,1,0,0,1,0,0,0,1,0,0
769,4,3,4,4,4,4,1.0,56,1.0,2,0,1,0,0,1,0,0,0,1,1,0
770,4,4,4,4,3,4,0.0,57,1.0,2,1,0,0,1,1,0,0,0,1,0,0
771,4,4,4,4,4,4,0.0,57,1.0,2,1,0,0,1,1,0,0,0,1,0,0
772,4,3,4,4,3,4,1.0,58,1.0,2,0,1,1,0,1,0,0,0,1,1,0
773,4,2,4,4,3,4,1.0,58,1.0,2,0,1,0,0,1,0,0,0,1,0,0
774,4,3,4,3,3,4,1.0,58,1.0,2,1,0,0,0,1,0,0,0,1,0,0
775,3,3,4,4,2,4,1.0,58,1.0,2,0,1,1,0,1,0,0,0,1,0,0
776,4,4,4,4,4,4,0.0,58,1.0,2,0,1,0,0,1,0,0,0,1,0,0
777,4,4,3,4,4,4,1.0,59,1.0,2,0,1,0,0,1,0,0,0,1,0,0
778,4,3,4,4,4,4,1.0,60,1.0,2,0,1,0,1,1,0,0,0,1,0,0
779,2,1,2,1,1,1,1.0,60,1.0,2,1,0,1,0,1,0,0,0,1,0,1
780,3,1,3,3,3,3,1.0,61,1.0,2,1,0,1,0,1,0,0,0,1,0,1
781,4,4,4,4,4,4,0.0,61,1.0,2,0,1,0,0,1,0,0,0,1,0,0
782,4,3,4,4,4,4,0.0,61,1.0,2,0,1,0,0,1,0,0,0,1,0,0
783,4,4,4,4,4,4,0.0,61,1.0,2,0,1,0,0,1,0,0,0,1,0,0
784,4,3,4,4,4,4,0.0,61,1.0,2,0,1,0,0,1,0,0,0,1,0,0
785,3,0,3,4,2,3,0.0,61,1.0,2,1,0,0,0,1,0,0,0,1,0,0
786,4,4,4,4,4,4,0.0,62,1.0,2,1,0,0,1,1,0,0,0,1,0,0
787,2,4,4,4,4,4,0.0,62,1.0,2,0,1,0,0,1,0,0,0,1,0,0
788,4,1,4,3,3,3,1.0,62,1.0,2,0,1,1,0,1,0,0,0,1,0,0
789,3,3,2,4,4,4,1.0,63,1.0,2,1,0,0,1,1,0,0,0,1,0,0
790,1,0,4,4,1,3,1.0,63,1.0,2,1,0,0,0,1,0,0,0,1,0,0
791,4,4,4,4,1,4,1.0,63,1.0,2,1,0,0,0,1,0,0,0,1,1,0
792,4,4,4,4,3,4,0.0,63,1.0,2,0,1,1,0,1,0,0,0,1,0,0
793,4,4,4,4,4,4,0.0,64,1.0,2,0,1,0,0,1,0,0,0,1,0,0
794,4,4,4,4,4,4,0.0,64,1.0,2,0,1,0,1,1,0,0,0,1,0,0
795,4,3,4,4,4,4,0.0,64,1.0,2,0,1,0,0,1,0,0,0,1,0,0
796,3,4,0,4,4,4,1.0,64,1.0,2,1,0,1,0,1,0,0,0,1,0,0
797,3,4,4,4,3,4,1.0,64,1.0,2,0,1,0,0,1,0,0,0,1,0,0
798,3,4,4,4,4,4,1.0,64,1.0,2,0,1,0,0,1,0,0,0,1,0,0
799,4,4,4,4,4,4,0.0,64,1.0,2,0,1,1,0,1,0,0,0,1,1,0
800,2,4,3,4,4,4,1.0,65,1.0,2,0,1,0,0,1,0,0,0,1,0,0
801,4,4,4,4,0,4,1.0,66,1.0,2,0,1,0,1,1,0,0,0,1,1,0
802,4,4,4,4,4,4,1.0,66,1.0,2,0,1,0,0,1,0,0,0,1,0,0
803,3,3,4,4,4,4,1.0,66,1.0,2,1,0,1,0,1,0,0,0,1,0,0
804,4,4,4,4,4,4,1.0,66,1.0,2,0,1,0,0,1,0,0,0,1,0,0
805,3,3,2,3,1,1,1.0,67,1.0,2,0,0,1,0,1,0,0,0,1,0,0
806,4,0,4,4,4,4,1.0,67,1.0,2,1,0,0,0,1,0,0,0,1,0,0
807,4,3,4,4,3,4,0.0,67,1.0,2,1,0,0,1,1,0,0,0,1,0,0
808,4,3,4,3,3,3,1.0,68,1.0,2,1,0,1,0,1,0,0,0,1,0,0
809,4,4,4,4,3,4,0.0,68,1.0,2,0,1,0,0,1,0,0,0,1,0,0
810,4,4,4,4,4,4,0.0,68,1.0,2,0,1,0,0,1,0,0,0,1,1,0
811,3,3,4,4,3,4,1.0,69,1.0,2,0,1,0,0,1,0,0,0,1,0,0
812,3,4,4,4,4,4,1.0,69,1.0,2,1,0,0,0,1,0,0,0,1,1,0
813,3,1,4,4,4,3,1.0,69,1.0,2,0,0,0,0,1,0,0,0,1,1,0
814,1,3,1,4,3,3,1.0,69,1.0,2,0,1,0,0,1,0,0,0,1,0,0
815,4,3,4,4,4,4,0.0,69,1.0,2,0,1,1,0,1,0,0,0,1,0,0
816,4,4,4,3,2,4,1.0,69,1.0,2,0,1,1,0,1,0,0,0,1,0,0
817,3,4,4,4,4,4,0.0,69,1.0,2,0,1,0,0,1,0,0,0,1,0,0
818,4,1,4,4,1,4,0.0,70,1.0,2,0,1,0,0,1,0,0,0,1,1,0
819,4,4,4,4,4,4,0.0,71,1.0,2,0,1,0,0,1,0,0,0,1,1,0
820,3,2,4,4,3,4,0.0,71,1.0,2,1,0,1,0,1,0,0,0,1,0,0
821,4,4,4,4,3,4,1.0,71,1.0,2,0,1,0,0,1,0,0,0,1,0,0
822,1,3,4,4,4,4,1.0,72,1.0,2,0,1,1,0,1,0,0,0,1,1,0
823,4,0,3,2,3,1,0.0,72,1.0,2,0,0,0,0,1,0,0,0,1,0,0
824,3,4,4,4,4,4,0.0,72,1.0,2,0,1,0,0,1,0,0,0,1,0,0
825,4,3,4,4,3,4,1.0,72,1.0,2,0,1,0,0,1,0,0,0,1,0,0
826,4,4,4,4,4,4,1.0,73,1.0,2,1,0,0,0,1,0,0,0,1,0,0
827,3,3,4,4,3,3,1.0,73,1.0,2,0,1,1,0,1,0,0,0,1,1,0
828,4,1,4,3,3,3,1.0,73,1.0,2,0,1,0,1,1,0,0,0,1,1,0
829,3,4,4,4,4,4,1.0,73,1.0,2,0,1,0,0,1,0,0,0,1,1,0
830,4,4,4,4,0,3,0.0,73,1.0,2,1,0,0,0,1,0,0,0,1,1,0
831,4,3,4,4,4,4,1.0,73,1.0,2,0,1,0,1,1,0,0,0,1,0,0
832,4,1,4,4,3,4,1.0,74,1.0,2,0,0,1,0,1,0,0,0,1,1,0
833,3,3,3,2,2,2,1.0,74,1.0,2,1,0,0,0,1,0,0,0,1,0,0
834,4,3,4,3,0,3,1.0,74,1.0,2,1,0,1,0,1,0,0,0,1,1,0
835,4,4,4,4,3,4,0.0,74,1.0,2,1,0,0,0,1,0,0,0,1,0,0
836,4,1,4,4,0,4,0.0,74,1.0,2,0,1,0,0,1,0,0,0,1,0,0
837,4,4,4,4,4,4,1.0,74,1.0,2,1,0,0,1,1,0,0,0,1,0,0
838,4,4,4,4,4,4,0.0,74,1.0,2,0,1,0,1,1,0,0,0,1,1,0
839,1,1,1,2,0,1,0.0,75,1.0,2,1,0,0,0,1,0,0,0,1,1,0
840,1,3,4,4,2,3,0.0,75,1.0,2,0,1,1,0,1,0,0,0,1,0,0
841,4,3,4,4,3,3,0.0,75,1.0,2,1,0,0,1,1,0,0,0,1,0,0
842,3,3,4,4,4,4,1.0,75,1.0,2,1,0,1,0,1,0,0,0,1,0,0
843,3,3,3,3,1,3,0.0,75,1.0,2,1,0,0,0,1,0,0,0,1,0,0
844,1,3,4,4,4,4,1.0,75,1.0,2,0,1,0,0,1,0,0,0,1,0,0
845,4,3,4,4,3,3,0.0,76,1.0,2,0,1,1,0,1,0,0,0,1,0,0
846,4,3,4,4,3,4,0.0,76,1.0,2,0,1,0,0,1,0,0,0,1,0,0
847,4,3,4,4,4,4,0.0,77,1.0,2,1,0,0,0,1,0,0,0,1,1,0
848,3,3,4,4,2,4,1.0,77,1.0,2,1,0,1,0,1,0,0,0,1,0,0
849,3,2,4,4,2,3,1.0,78,1.0,2,1,0,0,1,1,0,0,0,1,0,0
850,4,3,4,4,4,4,1.0,79,1.0,2,1,0,0,0,1,0,0,0,1,0,0
851,4,4,4,4,4,4,1.0,80,1.0,2,1,0,0,0,1,0,0,0,1,0,0
852,3,4,4,4,3,4,1.0,80,1.0,2,0,1,0,0,1,0,0,0,1,0,0
853,4,4,4,4,4,4,0.0,80,1.0,2,0,1,0,0,1,0,0,0,1,1,0
854,3,4,4,3,3,3,0.0,81,1.0,2,0,1,1,0,1,0,0,0,1,1,0
855,3,3,3,3,3,3,0.0,81,1.0,2,0,1,0,0,1,0,0,0,1,1,0
856,3,3,2,4,0,1,1.0,82,1.0,2,1,0,1,0,1,0,0,0,1,1,0
857,4,4,4,4,4,4,0.0,84,1.0,2,0,1,0,0,1,0,0,0,1,1,0
858,4,4,4,4,4,4,0.0,86,1.0,2,0,1,0,0,1,0,0,0,1,0,0
859,4,4,4,4,4,4,1.0,30,0.0,2,0,1,0,1,0,0,0,1,1,0,0
860,4,4,2,4,3,3,1.0,33,0.0,2,0,1,0,1,0,0,0,1,1,0,0
861,4,4,4,4,4,4,1.0,36,0.0,2,0,1,0,1,0,0,0,1,1,0,0
862,4,4,4,4,4,4,1.0,36,0.0,2,0,1,0,1,0,0,0,1,1,1,0
863,3,3,3,3,3,3,1.0,43,0.0,2,1,0,1,0,0,0,0,1,1,0,0
864,4,3,4,3,4,3,1.0,47,0.0,2,1,0,1,0,0,1,0,0,1,0,0
865,4,4,4,3,3,3,0.0,56,0.0,2,0,1,0,0,0,1,0,0,1,0,0
866,3,3,4,4,4,4,1.0,62,0.0,2,0,1,0,0,0,1,0,0,1,1,0
867,3,1,4,3,3,4,0.0,64,0.0,2,1,0,0,0,0,1,0,0,1,1,0
868,4,4,4,4,4,4,0.0,65,0.0,2,0,1,0,0,0,1,0,0,1,0,0
869,4,4,4,4,4,4,1.0,68,0.0,2,0,1,0,1,0,1,0,0,1,0,0
870,3,3,3,2,4,2,1.0,51,0.0,2,1,0,0,0,0,0,0,0,1,1,0
871,4,4,4,4,4,4,1.0,43,0.0,2,0,1,0,1,0,0,1,0,1,1,0
872,4,0,4,4,1,4,1.0,51,0.0,2,0,1,0,0,0,0,1,0,1,1,0
873,3,2,2,2,2,2,1.0,51,0.0,2,1,0,1,0,0,0,1,0,1,0,0
874,4,3,4,4,4,3,1.0,54,0.0,2,1,0,1,0,0,0,1,0,1,0,0
875,4,2,2,2,2,2,0.0,63,0.0,2,1,0,1,0,0,0,1,0,1,1,0
876,3,3,3,3,3,2,0.0,23,0.0,2,0,1,0,0,1,0,0,0,1,1,0
877,3,4,4,4,4,4,1.0,23,0.0,2,0,1,1,0,1,0,0,0,1,1,0
878,3,3,3,2,3,1,1.0,24,0.0,2,0,0,1,0,1,0,0,0,1,1,0
879,4,4,4,4,1,4,1.0,27,0.0,2,1,0,1,0,1,0,0,0,1,0,0
880,1,0,1,2,4,2,1.0,32,0.0,2,1,0,1,0,1,0,0,0,1,0,0
881,4,3,4,4,3,3,1.0,33,0.0,2,0,1,1,0,1,0,0,0,1,0,0
882,3,3,3,3,3,4,1.0,33,0.0,2,1,0,1,0,1,0,0,0,1,0,0
883,2,3,3,3,1,3,1.0,33,0.0,2,0,1,0,1,1,0,0,0,1,1,0
884,4,4,4,3,4,4,1.0,33,0.0,2,0,1,1,0,1,0,0,0,1,1,0
885,4,4,4,2,2,1,1.0,34,0.0,2,0,1,1,0,1,0,0,0,1,1,0
886,4,4,4,4,4,4,0.0,36,0.0,2,0,1,0,1,1,0,0,0,1,1,0
887,4,4,4,4,4,4,0.0,36,0.0,2,0,1,0,0,1,0,0,0,1,0,0
888,2,0,2,1,2,2,1.0,45,0.0,2,0,0,0,0,1,0,0,0,1,0,0
889,4,3,4,4,4,3,0.0,45,0.0,2,0,1,1,0,1,0,0,0,1,1,0
890,1,2,2,2,3,2,0.0,46,0.0,2,1,0,1,0,1,0,0,0,1,1,0
891,3,3,4,4,3,4,0.0,46,0.0,2,0,1,1,0,1,0,0,0,1,0,0
892,4,3,4,4,3,4,0.0,49,0.0,2,0,1,1,0,1,0,0,0,1,0,0
893,4,4,4,3,4,3,0.0,50,0.0,2,0,1,0,0,1,0,0,0,1,1,0
894,4,4,4,4,4,4,0.0,51,0.0,2,0,1,0,0,1,0,0,0,1,1,0
895,3,2,3,3,2,2,0.0,51,0.0,2,1,0,1,0,1,0,0,0,1,0,0
896,4,4,4,4,4,4,0.0,52,0.0,2,0,1,0,0,1,0,0,0,1,0,0
897,1,3,3,3,4,3,0.0,52,0.0,2,1,0,1,0,1,0,0,0,1,0,0
898,4,3,3,3,4,3,1.0,52,0.0,2,0,1,0,0,1,0,0,0,1,0,0
899,0,4,4,4,3,4,1.0,53,0.0,2,0,1,1,0,1,0,0,0,1,0,0
900,4,1,4,4,4,4,1.0,54,0.0,2,1,0,0,0,1,0,0,0,1,0,0
901,3,3,3,3,1,3,1.0,54,0.0,2,1,0,1,0,1,0,0,0,1,0,0
902,3,3,3,3,1,2,0.0,56,0.0,2,1,0,0,0,1,0,0,0,1,0,0
903,4,4,4,4,3,4,0.0,56,0.0,2,1,0,0,0,1,0,0,0,1,0,0
904,3,3,4,4,3,3,1.0,56,0.0,2,0,1,1,0,1,0,0,0,1,0,0
905,4,3,3,4,4,3,1.0,57,0.0,2,1,0,0,1,1,0,0,0,1,1,0
906,3,3,4,4,2,4,0.0,57,0.0,2,1,0,1,0,1,0,0,0,1,0,0
907,3,3,3,3,3,3,1.0,58,0.0,2,0,1,1,0,1,0,0,0,1,0,0
908,1,3,4,4,4,4,1.0,58,0.0,2,0,1,0,0,1,0,0,0,1,1,0
909,3,3,4,3,4,4,1.0,60,0.0,2,0,0,0,1,1,0,0,0,1,1,0
910,2,4,4,4,4,4,1.0,61,0.0,2,0,1,1,0,1,0,0,0,1,0,0
911,4,4,4,4,4,4,0.0,61,0.0,2,0,1,0,0,1,0,0,0,1,1,0
912,3,2,2,2,3,3,0.0,62,0.0,2,1,0,1,0,1,0,0,0,1,1,0
913,3,1,4,4,4,4,1.0,62,0.0,2,0,0,0,0,1,0,0,0,1,0,0
914,4,3,4,4,4,4,1.0,63,0.0,2,0,1,0,0,1,0,0,0,1,1,0
915,4,4,4,3,3,3,0.0,63,0.0,2,1,0,0,0,1,0,0,0,1,0,0
916,4,3,1,2,3,2,0.0,64,0.0,2,0,1,0,0,1,0,0,0,1,1,0
917,4,3,4,4,3,4,1.0,66,0.0,2,1,0,0,0,1,0,0,0,1,1,0
918,2,3,4,3,3,3,0.0,66,0.0,2,0,1,0,0,1,0,0,0,1,0,0
919,4,3,4,4,3,4,0.0,66,0.0,2,1,0,0,0,1,0,0,0,1,0,0
920,4,4,4,4,1,4,0.0,67,0.0,2,0,1,0,0,1,0,0,0,1,0,0
921,4,4,4,4,4,3,0.0,67,0.0,2,0,1,0,0,1,0,0,0,1,1,0
922,3,3,4,4,1,3,1.0,67,0.0,2,0,1,0,0,1,0,0,0,1,1,0
923,1,0,3,1,2,2,1.0,67,0.0,2,1,0,1,0,1,0,0,0,1,1,0
924,4,1,4,4,4,4,0.0,67,0.0,2,1,0,0,0,1,0,0,0,1,1,0
925,3,3,4,4,3,4,1.0,67,0.0,2,0,1,1,0,1,0,0,0,1,1,0
926,4,4,4,4,4,4,0.0,68,0.0,2,0,1,0,0,1,0,0,0,1,1,0
927,4,4,4,4,4,4,0.0,69,0.0,2,0,1,0,0,1,0,0,0,1,0,0
928,4,1,4,4,4,4,0.0,69,0.0,2,0,0,1,0,1,0,0,0,1,1,0
929,2,1,4,4,4,3,0.0,69,0.0,2,1,0,1,0,1,0,0,0,1,1,0
930,4,4,4,4,4,4,1.0,69,0.0,2,0,1,0,1,1,0,0,0,1,1,0
931,4,4,4,4,4,4,1.0,70,0.0,2,0,1,0,0,1,0,0,0,1,0,0
932,3,4,4,4,4,4,0.0,70,0.0,2,1,0,0,0,1,0,0,0,1,1,0
933,4,1,4,4,3,4,1.0,70,0.0,2,0,1,0,0,1,0,0,0,1,0,0
934,3,4,4,4,4,4,1.0,71,0.0,2,1,0,1,0,1,0,0,0,1,1,0
935,3,4,0,4,4,4,1.0,71,0.0,2,0,1,0,0,1,0,0,0,1,0,0
936,3,3,3,3,2,3,1.0,71,0.0,2,1,0,0,0,1,0,0,0,1,1,0
937,4,3,4,4,3,4,1.0,71,0.0,2,1,0,1,0,1,0,0,0,1,0,0
938,3,3,3,3,3,3,1.0,72,0.0,2,0,1,0,1,1,0,0,0,1,0,0
939,4,3,4,4,4,4,1.0,72,0.0,2,1,0,1,0,1,0,0,0,1,1,0
940,4,4,4,4,3,3,0.0,72,0.0,2,0,1,0,1,1,0,0,0,1,0,0
941,3,4,4,4,4,4,0.0,72,0.0,2,0,1,1,0,1,0,0,0,1,0,0
942,4,0,4,4,3,4,1.0,73,0.0,2,0,0,0,1,1,0,0,0,1,0,0
943,4,4,4,4,4,4,0.0,73,0.0,2,1,0,0,0,1,0,0,0,1,0,0
944,4,3,4,4,3,4,1.0,74,0.0,2,1,0,0,0,1,0,0,0,1,1,0
945,4,4,4,4,4,4,0.0,74,0.0,2,0,1,0,0,1,0,0,0,1,0,0
946,1,1,2,2,3,2,0.0,76,0.0,2,1,0,0,0,1,0,0,0,1,0,0
947,4,4,4,4,1,4,1.0,78,0.0,2,0,0,0,0,1,0,0,0,1,1,0
948,4,4,4,4,4,4,1.0,78,0.0,2,0,1,0,1,1,0,0,0,1,0,0
949,3,1,3,3,3,3,1.0,79,0.0,2,1,0,0,0,1,0,0,0,1,1,0
950,4,2,2,3,4,3,1.0,81,0.0,2,1,0,0,1,1,0,0,0,1,1,0
951,4,3,4,4,0,4,0.0,83,0.0,2,0,1,0,0,1,0,0,0,1,0,0
952,4,3,3,2,3,3,1.0,65,0.0,2,1,0,0,0,1,0,0,0,1,0,1
953,0,0,0,0,0,0,1.0,31,1.0,0,1,0,0,1,0,0,0,1,1,0,0
954,0,0,0,0,0,0,1.0,31,1.0,0,0,0,1,0,0,0,0,0,1,1,0
955,1,2,1,1,1,1,1.0,23,1.0,0,0,0,1,0,1,0,0,0,1,1,0
956,1,1,0,0,3,0,1.0,25,1.0,0,0,0,1,0,1,0,0,0,1,1,0
957,3,1,3,1,3,1,0.0,34,1.0,0,0,0,1,0,1,0,0,0,1,0,0
958,4,3,3,2,4,4,0.0,36,1.0,0,0,1,0,1,1,0,0,0,1,1,0
959,0,0,0,0,0,0,0.0,36,1.0,0,1,0,0,0,1,0,0,0,1,0,1
960,0,0,0,0,0,0,0.0,36,1.0,0,1,0,0,0,1,0,0,0,1,0,1
961,3,1,0,0,4,0,1.0,42,1.0,0,0,0,0,0,1,0,0,0,1,0,0
962,4,2,2,2,2,3,1.0,50,1.0,0,0,1,0,1,1,0,0,0,1,0,1
963,0,1,2,2,3,2,1.0,53,1.0,0,0,0,1,0,1,0,0,0,1,1,0
964,0,0,0,0,0,0,0.0,53,1.0,0,0,0,1,0,1,0,0,0,1,1,0
965,0,0,0,0,0,0,0.0,53,1.0,0,0,0,1,0,1,0,0,0,1,1,0
966,0,0,0,0,0,0,0.0,54,1.0,0,0,0,0,0,1,0,0,0,1,0,0
967,0,0,0,0,0,0,0.0,55,1.0,0,0,0,1,0,1,0,0,0,1,1,0
968,3,3,4,1,1,2,1.0,55,1.0,0,1,0,1,0,1,0,0,0,1,1,0
969,1,0,0,2,2,4,0.0,59,1.0,0,0,0,1,0,1,0,0,0,1,1,0
970,3,2,3,3,3,3,1.0,62,1.0,0,1,0,1,0,1,0,0,0,1,0,0
971,1,0,2,1,0,1,1.0,64,1.0,0,0,0,0,0,1,0,0,0,1,1,0
972,3,3,3,2,1,2,1.0,65,1.0,0,1,0,1,0,1,0,0,0,1,1,0
973,1,2,1,1,2,1,0.0,72,1.0,0,1,0,0,0,1,0,0,0,1,1,0
974,1,0,0,0,0,0,1.0,72,1.0,0,0,0,0,0,1,0,0,0,1,0,0
975,0,0,0,0,0,0,0.0,72,1.0,0,0,0,0,0,1,0,0,0,1,0,0
976,0,0,0,1,1,0,1.0,75,1.0,0,0,0,1,0,1,0,0,0,1,0,0
977,1,0,0,0,2,0,1.0,80,1.0,0,0,0,1,0,1,0,0,0,1,1,0
978,0,0,0,0,2,0,1.0,28,0.0,0,0,0,1,0,0,0,1,0,1,0,1
979,3,3,1,2,3,2,0.0,30,0.0,0,1,0,1,0,0,0,1,0,1,0,1
980,3,3,2,3,3,3,1.0,52,0.0,0,1,0,0,0,0,0,1,0,1,1,0
981,2,0,1,1,2,1,1.0,29,0.0,0,0,0,1,0,1,0,0,0,1,1,0
982,0,0,2,0,0,0,0.0,33,0.0,0,0,0,0,0,1,0,0,0,1,0,0
983,3,3,3,2,1,1,1.0,38,0.0,0,1,0,1,0,1,0,0,0,1,0,0
984,1,0,1,2,3,1,1.0,41,0.0,0,0,0,1,0,1,0,0,0,1,0,0
985,3,3,3,2,1,1,1.0,43,0.0,0,1,0,1,0,1,0,0,0,1,1,0
986,1,1,2,1,4,2,1.0,45,0.0,0,0,0,1,0,1,0,0,0,1,1,0
987,1,0,0,0,0,0,0.0,47,0.0,0,1,0,1,0,1,0,0,0,1,0,0
988,4,0,1,0,1,0,1.0,49,0.0,0,0,0,0,0,1,0,0,0,1,1,0
989,3,1,2,2,1,2,1.0,51,0.0,0,1,0,1,0,1,0,0,0,1,1,0
990,4,3,4,3,4,4,1.0,51,0.0,0,0,1,0,1,1,0,0,0,1,1,0
991,0,0,0,0,0,0,0.0,52,0.0,0,0,0,0,0,1,0,0,0,1,1,0
992,0,0,0,0,0,0,1.0,53,0.0,0,0,0,0,0,1,0,0,0,1,0,1
993,1,0,0,0,2,0,1.0,54,0.0,0,0,0,1,0,1,0,0,0,1,1,0
994,1,0,0,0,0,0,0.0,55,0.0,0,0,0,0,0,1,0,0,0,1,0,0
995,1,0,0,0,0,0,1.0,58,0.0,0,0,0,1,0,1,0,0,0,1,1,0
996,0,0,0,1,0,1,0.0,62,0.0,0,0,0,0,0,1,0,0,0,1,1,0
997,1,2,1,1,2,1,1.0,64,0.0,0,1,0,0,1,1,0,0,0,1,0,0
998,0,0,0,0,0,0,1.0,64,0.0,0,0,0,1,0,1,0,0,0,1,0,0
999,3,0,3,2,1,3,1.0,71,0.0,0,1,0,1,0,1,0,0,0,1,1,0
1000,0,0,0,0,0,0,0.0,40,0.0,0,1,0,0,0,1,0,0,0,1,0,1
